lid,longitude,latitude,altitude,admin1,admin2,admin3,admin4,work,shopping,school,other,college,religion,designation,home
0,-78.48313,38.03794,-1,51,540,1000,2,1,1235.0,0,1,0,0,none:retail,0
1,-77.17819,38.93204,-1,51,59,470700,1,1,1996.0,0,1,0,0,none:retail,0
2,-78.50449,38.04934,-1,51,540,700,3,1,1081.0,0,1,0,0,none:retail,0
3,-78.50269,38.05147,-1,51,540,700,3,1,1134.0,0,1,0,0,none:retail,0
4,-78.4786,38.04022,-1,51,540,1000,2,1,1526.0,0,1,0,0,none:retail,0
5,-77.27381,38.77843,-1,51,59,431001,1,1,890.0,0,1,0,0,none:retail,0
6,-78.48178,38.03089,-1,51,540,1000,1,1,417.0,0,1,0,0,none:retail,0
7,-78.48179,38.0301,-1,51,540,1000,1,1,518.0,0,1,0,0,none:retail,0
8,-78.50222,38.05154,-1,51,540,700,3,1,950.0,0,1,0,0,none:retail,0
9,-77.23434,38.91659,-1,51,59,460501,1,1,5000.0,0,1,0,0,none:retail,0
10,-78.50391,38.0502,-1,51,540,700,3,1,1249.0,0,1,0,0,none:retail,0
11,-77.51305,38.30635,-1,51,630,500,2,1,5000.0,0,1,0,0,none:retail,0
12,-78.49039,38.06317,-1,51,540,800,4,1,410.0,0,1,0,0,none:retail,0
13,-78.47423,38.0786,-1,51,3,10601,3,1,2167.0,0,1,0,0,none:retail,0
14,-77.12214,38.78428,-1,51,59,422301,1,1,968.0,0,1,0,0,none:retail,0
15,-78.50095999999998,38.03699,-1,51,540,202,3,1,366.0,0,1,0,0,none:retail,0
16,-78.50291999999997,38.05126,-1,51,540,700,3,1,1134.0,0,1,0,0,none:retail,0
17,-78.48749000000002,38.06368,-1,51,540,800,4,1,136.0,0,1,0,0,none:retail,0
18,-78.4416,38.12882000000001,-1,51,3,10300,3,1,3679.0,0,1,0,0,none:retail,0
19,-77.51276999999997,38.29966,-1,51,630,500,2,1,3896.0,0,1,0,0,none:retail,0
20,-78.47946,38.03012,-1,51,540,1000,1,1,600.0,0,1,0,0,none:retail,0
21,-78.50145,38.05233,-1,51,540,700,3,1,1134.0,0,1,0,0,none:retail,0
22,-78.49932,38.00355,-1,51,3,11303,1,1,1049.0,0,1,0,0,none:retail,0
23,-78.46188000000002,38.09953,-1,51,3,10601,1,1,551.0,0,1,0,0,none:retail,0
24,-77.1801,38.93427,-1,51,59,470600,2,1,166.0,0,1,0,0,none:retail,0
25,-78.50275,38.05141,-1,51,540,700,3,1,1134.0,0,1,0,0,none:retail,0
26,-78.49395,38.02866,-1,51,540,501,1,1,239.0,0,1,0,0,none:retail,0
27,-78.49631,38.03293,-1,51,540,202,1,1,2746.0,0,1,0,0,none:retail,0
28,-78.47304,38.08691,-1,51,3,10800,1,1,1597.0,0,1,0,0,none:retail,0
29,-78.43191,38.14347,-1,51,3,10300,3,1,1012.0,0,1,0,0,none:retail,0
30,-78.4960799999999,38.0223,-1,51,540,501,1,1,0.0,0,1,0,1,none,0
31,-78.4629399999999,38.0484300000001,-1,51,540,900,2,1,0.0,0,1,0,1,none,0
32,-78.47407,38.0388,-1,51,540,1000,2,1,0.0,0,1,0,1,none,0
33,-78.47447,38.08648,-1,51,3,10800,1,1,1597.0,0,1,0,0,none:retail,0
34,-78.46271,38.03279000000001,-1,51,540,302,2,1,363.0,0,1,0,0,none:retail,0
35,-78.48165999999998,38.03036,-1,51,540,1000,1,1,518.0,0,1,0,0,none:retail,0
36,-78.50256,38.0516,-1,51,540,700,3,1,1134.0,0,1,0,0,none:retail,0
37,-78.46599,38.0319,-1,51,540,302,1,1,44.0,0,1,0,0,none:retail,0
38,-78.48334,38.02406,-1,51,540,401,1,1,2792.0,0,1,0,0,none:retail,0
39,-78.4416,38.12882000000001,-1,51,3,10300,3,1,3679.0,0,1,0,0,none:retail,0
40,-78.50391,37.80786,-1,51,3,11400,3,1,484.0,0,1,0,0,none:retail,0
41,-78.48676,38.03597,-1,51,540,201,2,1,298.0,0,1,0,0,none:retail,0
42,-77.5723,37.54965,-1,51,760,70100,1,1,1275.0,0,1,0,0,none:retail,0
43,-78.51234000000002,38.0431,-1,51,540,700,4,1,220.0,0,1,0,0,none:retail,0
44,-78.48076,38.03048,-1,51,540,1000,1,1,518.0,0,1,0,0,none:retail,0
45,-78.49676,38.05576,-1,51,540,800,4,1,142.0,0,1,0,0,none:retail,0
46,-78.5049,38.05039,-1,51,540,700,3,1,1249.0,0,1,0,0,none:retail,0
47,-78.44937,38.03332,-1,51,3,10500,3,1,1512.0,0,1,0,0,none:retail,0
48,-78.51639,38.02522,-1,51,540,600,2,1,335.0,0,1,0,0,none:retail,0
49,-78.45773,38.03695,-1,51,540,900,1,1,420.0,0,1,0,0,none:retail,0
50,-78.47823000000002,38.04019,-1,51,540,1000,2,1,1526.0,0,1,0,0,none:retail,0
51,-78.49087,38.03819,-1,51,540,202,1,1,946.0,0,1,0,0,none:retail,0
52,-78.45876,38.03152,-1,51,3,10500,3,1,3252.0,0,1,0,0,none:retail,0
53,-78.46674,38.02609,-1,51,540,302,2,1,1223.0,0,1,0,0,none:retail,0
54,-78.48595,38.06474,-1,51,540,800,4,1,5000.0,0,1,0,0,none:retail,0
55,-78.48716999999998,38.03681,-1,51,540,201,2,1,1501.0,0,1,0,0,none:retail,0
56,-78.46903,38.02699000000001,-1,51,540,302,1,1,1711.0,0,1,0,0,none:retail,0
57,-78.50105,38.05107,-1,51,540,700,3,1,97.0,0,1,0,0,none:retail,0
58,-78.43543000000003,38.13236,-1,51,3,10300,3,1,603.0,0,1,0,0,none:retail,0
59,-78.50046999999998,38.03477,-1,51,540,202,3,1,429.0,0,1,0,0,none:retail,0
60,-78.46992,38.023,-1,51,540,402,1,1,607.0,0,1,0,0,none:retail,0
61,-78.50098,38.05114,-1,51,540,700,3,1,97.0,0,1,0,0,none:retail,0
62,-78.44335,38.12735,-1,51,3,10300,3,1,1196.0,0,1,0,0,none:retail,0
63,-78.45819,38.03095,-1,51,3,10500,3,1,3252.0,0,1,0,0,none:retail,0
64,-78.47208,38.07881,-1,51,3,10601,2,1,2167.0,0,1,0,0,none:retail,0
65,-78.5286,38.05064,-1,51,3,11000,1,1,2799.0,0,1,0,0,none:retail,0
66,-78.47884,38.03081,-1,51,540,1000,1,1,902.0,0,1,0,0,none:retail,0
67,-78.49028,38.06329,-1,51,540,800,4,1,410.0,0,1,0,0,none:retail,0
68,-78.47952,38.03106,-1,51,540,1000,1,1,636.0,0,1,0,0,none:retail,0
69,-78.47952,38.03106,-1,51,540,1000,1,1,636.0,0,1,0,0,none:retail,0
70,-78.48486,38.06933,-1,51,3,10601,3,1,1367.0,0,1,0,0,none:retail,0
71,-78.48148,38.03072,-1,51,540,1000,1,1,518.0,0,1,0,0,none:retail,0
72,-78.48285,38.03036,-1,51,540,1000,1,1,924.0,0,1,0,0,none:retail,0
73,-76.68828,37.27458,-1,51,830,370200,1,1,246.0,0,1,0,0,none:retail,0
74,-78.49547,38.05562000000001,-1,51,540,700,2,1,0.0,0,1,0,1,none,0
75,-78.50048000000002,38.05493,-1,51,540,800,4,1,385.0,0,1,0,0,none:retail,0
76,-78.50041999999998,38.05327,-1,51,540,700,3,1,722.0,0,1,0,0,none:retail,0
77,-78.4894,38.0376,-1,51,540,202,1,1,1396.0,0,1,0,0,none:retail,0
78,-78.49669,38.03302,-1,51,540,202,1,1,3888.0,0,1,0,0,none:retail,0
79,-78.51954,38.02598,-1,51,540,600,2,1,210.0,0,1,0,0,none:retail,0
80,-78.47569,38.0298,-1,51,540,1000,1,1,130.0,0,1,0,0,none:retail,0
81,-78.44236,38.14765,-1,51,3,10300,3,1,1929.0,0,1,0,0,none:retail,0
82,-78.4785,38.02986,-1,51,540,1000,1,1,600.0,0,1,0,0,none:retail,0
83,-78.4867,38.03065,-1,51,540,1000,1,1,220.0,0,1,0,0,none:retail,0
84,-78.51243000000002,38.04315,-1,51,540,700,4,1,220.0,0,1,0,0,none:retail,0
85,-78.44570999999998,38.12523,-1,51,3,10300,3,1,3885.0,0,1,0,0,none:retail,0
86,-78.47229,38.07906,-1,51,3,10601,3,1,2167.0,0,1,0,0,none:retail,0
87,-78.47,38.02268,-1,51,540,402,3,1,252.0,0,1,0,0,none:retail,0
88,-78.47599,38.02992,-1,51,540,1000,1,1,249.0,0,1,0,0,none:retail,0
89,-78.46889,38.02491,-1,51,540,302,1,1,0.0,0,1,0,1,none,0
90,-78.49439,38.0393100000001,-1,51,540,202,2,1,0.0,0,1,0,1,none,0
91,-78.4894,38.03133,-1,51,540,1000,1,1,0.0,0,1,0,1,none,0
92,-78.4806,38.0322600000001,-1,51,540,1000,1,1,0.0,0,1,0,1,none,0
93,-78.48347,38.04022,-1,51,540,201,1,1,0.0,0,1,0,1,none,0
94,-78.47389,38.0304600000001,-1,51,540,302,1,1,0.0,0,1,0,1,none,0
95,-78.43567,38.12533,-1,51,3,10300,1,1,1260.0,0,1,0,0,none:retail,0
96,-78.4839,38.03662,-1,51,540,1000,2,1,582.0,0,1,0,0,none:retail,0
97,-78.47799,38.04131,-1,51,540,1000,2,1,598.0,0,1,0,0,none:retail,0
98,-78.4799,38.04045,-1,51,540,1000,2,1,793.0,0,1,0,0,none:retail,0
99,-77.45578,37.51355,-1,51,760,60400,1,1,2745.0,0,1,0,0,none:retail,0
100,-78.4592,38.02103,-1,51,3,10402,1,1,568.0,0,1,0,0,none:retail,0
101,-78.48291,38.03772,-1,51,540,1000,2,1,694.0,0,1,0,0,none:retail,0
102,-78.48198000000002,38.03841,-1,51,540,1000,2,1,341.0,0,1,0,0,none:retail,0
103,-78.46797,38.09028,-1,51,3,10601,1,1,65.0,0,1,0,0,none:retail,0
104,-78.50134,38.04022,-1,51,540,202,3,1,0.0,0,1,0,1,none,0
105,-78.47245,38.07935,-1,51,3,10601,3,1,2167.0,0,1,0,0,none:retail,0
106,-78.4839,38.03662,-1,51,540,1000,2,1,582.0,0,1,0,0,none:retail,0
107,-78.50032,38.05433,-1,51,540,800,4,1,385.0,0,1,0,0,none:retail,0
108,-78.49931,38.05325,-1,51,540,800,4,1,385.0,0,1,0,0,none:retail,0
109,-78.4773,38.0782,-1,51,3,10700,1,1,357.0,0,1,0,0,none:retail,0
110,-78.48428,38.07041,-1,51,3,10700,2,1,215.0,0,1,0,0,none:retail,0
111,-78.48267,38.02642,-1,51,540,401,1,1,1497.0,0,1,0,0,none:retail,0
112,-78.47219,38.07899000000001,-1,51,3,10601,2,1,2167.0,0,1,0,0,none:retail,0
113,-78.44336,38.12733,-1,51,3,10300,3,1,1196.0,0,1,0,0,none:retail,0
114,-78.48855,38.06354,-1,51,540,800,4,1,136.0,0,1,0,0,none:retail,0
115,-78.4633699999999,38.02477,-1,51,540,302,2,1,0.0,0,1,0,1,none,0
116,-78.50031,38.05432,-1,51,540,800,4,1,385.0,0,1,0,0,none:retail,0
117,-78.50796,38.03611,-1,51,3,10903,2,1,1918.0,0,1,0,0,none:retail,0
118,-78.87071,37.89183,-1,51,125,950200,3,1,60.0,0,1,0,0,none:retail,0
119,-78.45644,38.03179,-1,51,3,10500,3,1,1218.0,0,1,0,0,none:retail,0
120,-78.48523,38.06891,-1,51,540,800,4,1,623.0,0,1,0,0,none:retail,0
121,-78.48774,38.06841,-1,51,3,10700,3,1,5000.0,0,1,0,0,none:retail,0
122,-78.49022,38.06335,-1,51,540,800,4,1,410.0,0,1,0,0,none:retail,0
123,-78.50083000000002,38.05459000000001,-1,51,540,700,3,1,178.0,0,1,0,0,none:retail,0
124,-78.49987,38.05385,-1,51,540,800,4,1,722.0,0,1,0,0,none:retail,0
125,-78.50016,38.05416,-1,51,540,800,4,1,722.0,0,1,0,0,none:retail,0
126,-78.50445,38.05085,-1,51,540,700,3,1,1249.0,0,1,0,0,none:retail,0
127,-78.50155,38.0360900000001,-1,51,540,202,3,1,0.0,0,1,0,1,none,0
128,-78.50453,38.04836,-1,51,540,700,3,1,203.0,0,1,0,0,none:retail,0
129,-78.50084,38.05127,-1,51,540,700,3,1,97.0,0,1,0,0,none:retail,0
130,-78.61744,38.05725,-1,51,3,11000,3,1,5000.0,0,1,0,0,none:retail,0
131,-78.45883,38.03577,-1,51,540,900,1,1,217.0,0,1,0,0,none:retail,0
132,-78.47954,38.03015,-1,51,540,1000,1,1,600.0,0,1,0,0,none:retail,0
133,-78.48758000000002,38.06362,-1,51,540,800,4,1,136.0,0,1,0,0,none:retail,0
134,-78.48333000000002,38.02406,-1,51,540,401,1,1,2792.0,0,1,0,0,none:retail,0
135,-77.22400999999998,38.92434,-1,51,59,480202,2,1,1003.0,0,1,0,0,none:retail,0
136,-78.49004000000002,38.03153,-1,51,540,1000,1,1,219.0,0,1,0,0,none:retail,0
137,-78.47881,38.07779,-1,51,3,10700,1,1,914.0,0,1,0,0,none:retail,0
138,-78.49325,38.03224,-1,51,540,202,1,1,960.0,0,1,0,0,none:retail,0
139,-78.4794,38.03014,-1,51,540,1000,1,1,600.0,0,1,0,0,none:retail,0
140,-78.48210999999998,38.03095,-1,51,540,1000,1,1,518.0,0,1,0,0,none:retail,0
141,-77.47675,37.57551,-1,51,760,50100,1,1,4977.0,0,1,0,0,none:retail,0
142,-78.48451,38.03604,-1,51,540,1000,2,1,3014.0,0,1,0,0,none:retail,0
143,-78.46871,38.02691,-1,51,540,302,1,1,2115.0,0,1,0,0,none:retail,0
144,-78.4827799999999,38.0299400000001,-1,51,540,1000,1,1,0.0,0,1,0,1,none,0
145,-78.4416,38.12882000000001,-1,51,3,10300,3,1,3679.0,0,1,0,0,none:retail,0
146,-77.22543,38.92373,-1,51,59,480202,2,1,510.0,0,1,0,0,none:retail,0
147,-78.4722,38.01523,-1,51,540,402,3,1,247.0,0,1,0,0,none:retail,0
148,-78.47137,38.01454,-1,51,540,402,3,1,411.0,0,1,0,0,none:retail,0
149,-78.47403,38.03128,-1,51,540,1000,3,1,261.0,0,1,0,0,none:retail,0
150,-78.49183000000002,38.06208,-1,51,540,800,4,1,181.0,0,1,0,0,none:retail,0
151,-78.48437,38.06493,-1,51,540,800,4,1,670.0,0,1,0,0,none:retail,0
152,-78.47426999999998,38.02921,-1,51,540,302,1,1,1254.0,0,1,0,0,none:retail,0
153,-78.47223000000002,38.01583,-1,51,540,402,3,1,150.0,0,1,0,0,none:retail,0
154,-78.50044,38.05331,-1,51,540,700,3,1,722.0,0,1,0,0,none:retail,0
155,-78.49676,38.05576,-1,51,540,800,4,1,142.0,0,1,0,0,none:retail,0
156,-78.48595,38.01791,-1,51,540,401,2,1,580.0,0,1,0,0,none:retail,0
157,-78.48044,38.03995,-1,51,540,1000,2,1,1256.0,0,1,0,0,none:retail,0
158,-78.54486,38.05083,-1,51,3,11000,2,1,1576.0,0,1,0,0,none:retail,0
159,-78.4887,38.03705,-1,51,540,202,1,1,786.0,0,1,0,0,none:retail,0
160,-78.47577,38.07992,-1,51,3,10700,1,1,2653.0,0,1,0,0,none:retail,0
161,-78.50018,38.05163,-1,51,540,700,2,1,287.0,0,1,0,0,none:retail,0
162,-78.46013,38.03539,-1,51,540,900,1,1,530.0,0,1,0,0,none:retail,0
163,-78.47858000000002,38.02972000000001,-1,51,540,1000,1,1,0.0,0,1,0,0,none,0
164,-78.45047,38.03374,-1,51,3,10500,2,1,641.0,0,1,0,0,none:retail,0
165,-78.47528,38.07906,-1,51,3,10601,3,1,2167.0,0,1,0,0,none:retail,0
166,-78.50414,38.04998,-1,51,540,700,3,1,1249.0,0,1,0,0,none:retail,0
167,-78.48418000000002,38.0701,-1,51,3,10601,3,1,152.0,0,1,0,0,none:retail,0
168,-78.49297,38.03218,-1,51,540,202,1,1,960.0,0,1,0,0,none:retail,0
169,-78.49087,38.03819,-1,51,540,202,1,1,946.0,0,1,0,0,none:retail,0
170,-78.48586999999998,38.03509,-1,51,540,1000,1,1,998.0,0,1,0,0,none:retail,0
171,-78.43181,38.14431,-1,51,3,10300,3,1,3242.0,0,1,0,0,none:retail,0
172,-78.47265,38.02322,-1,51,540,402,1,1,732.0,0,1,0,0,none:retail,0
173,-78.51389,38.00381,-1,51,3,11302,2,1,124.0,0,1,0,0,none:retail,0
174,-78.57226,37.94477,-1,51,3,11301,2,1,292.0,0,1,0,0,none:retail,0
175,-78.47292,38.02132,-1,51,540,402,1,1,568.0,0,1,0,0,none:retail,0
176,-78.51954,38.02598,-1,51,540,600,2,1,210.0,0,1,0,0,none:retail,0
177,-78.42026,38.1288,-1,51,3,10300,2,1,152.0,0,1,0,0,none:retail,0
178,-78.47329,38.02416,-1,51,540,402,1,1,427.0,0,1,0,0,none:retail,0
179,-78.49069,38.03208,-1,51,540,1000,1,1,184.0,0,1,0,0,none:retail,0
180,-78.46674,38.02609,-1,51,540,302,2,1,1223.0,0,1,0,0,none:retail,0
181,-78.4928,38.0603,-1,51,540,800,4,1,79.0,0,1,0,0,none:retail,0
182,-78.47933,38.03008,-1,51,540,1000,1,1,600.0,0,1,0,0,none:retail,0
183,-78.44255,38.0309,-1,51,3,10500,2,1,770.0,0,1,0,0,none:retail,0
184,-78.4594,38.03496,-1,51,540,302,2,1,530.0,0,1,0,0,none:retail,0
185,-78.48434,38.0308,-1,51,540,1000,1,1,658.0,0,1,0,0,none:retail,0
186,-78.44335,38.12735,-1,51,3,10300,3,1,1196.0,0,1,0,0,none:retail,0
187,-78.48612,38.03056,-1,51,540,1000,1,1,875.0,0,1,0,0,none:retail,0
188,-78.5147499999999,38.0221700000001,-1,51,540,502,3,1,0.0,0,1,0,1,none,0
189,-78.4752999999999,38.0185000000001,-1,51,540,402,2,1,0.0,0,1,0,1,none,0
190,-78.46991,38.0230500000001,-1,51,540,402,1,1,0.0,0,1,0,1,none,0
191,-78.51485,38.0208700000001,-1,51,540,502,3,1,0.0,0,1,0,1,none,0
192,-78.50832,38.03767,-1,51,540,700,4,1,0.0,0,1,0,1,none,0
193,-78.47695999999998,38.0253900000001,-1,51,540,402,2,1,0.0,0,1,0,1,none,0
194,-78.48436,38.0393100000001,-1,51,540,201,1,1,0.0,0,1,0,1,none,0
195,-78.47525,38.0174900000001,-1,51,540,402,2,1,0.0,0,1,0,1,none,0
196,-78.46956999999998,38.01849,-1,51,540,402,3,1,0.0,0,1,0,1,none,0
197,-78.47389,38.03047,-1,51,540,302,1,1,0.0,0,1,0,1,none,0
198,-78.47853,38.0410000000001,-1,51,540,1000,2,1,0.0,0,1,0,1,none,0
199,-78.48733,38.0350800000001,-1,51,540,202,1,1,0.0,0,1,0,1,none,0
200,-78.4907899999999,38.0296900000001,-1,51,540,501,1,1,0.0,0,1,0,1,none,0
201,-78.51111,38.0173800000001,-1,51,540,502,4,1,0.0,0,1,0,1,none,0
202,-78.47574,38.01872,-1,51,540,402,2,1,0.0,0,1,0,1,none,0
203,-78.45448,38.0256400000001,-1,51,540,302,2,1,0.0,0,1,0,1,none,0
204,-78.48062,38.0322600000001,-1,51,540,1000,1,1,0.0,0,1,0,1,none,0
205,-78.47946,38.03187,-1,51,540,1000,1,1,0.0,0,1,0,1,none,0
206,-78.47381,38.08717,-1,51,3,10800,1,1,1597.0,0,1,0,0,none:retail,0
207,-77.50596999999998,38.30356,-1,51,630,500,2,1,5000.0,0,1,0,0,none:retail,0
208,-78.47594000000002,38.07772,-1,51,3,10601,3,1,2167.0,0,1,0,0,none:retail,0
209,-78.47539,38.07536,-1,51,3,10601,3,1,1537.0,0,1,0,0,none:retail,0
210,-78.49051,38.00957,-1,51,3,11303,2,1,2261.0,0,1,0,0,none:retail,0
211,-78.48729,38.0638,-1,51,540,800,4,1,205.0,0,1,0,0,none:retail,0
212,-78.46614,38.03187,-1,51,540,302,1,1,316.0,0,1,0,0,none:retail,0
213,-78.48333000000002,38.02407,-1,51,540,401,1,1,2792.0,0,1,0,0,none:retail,0
214,-78.51325,38.06274000000001,-1,51,3,10800,5,1,634.0,0,1,0,0,none:retail,0
215,-77.23846,38.87354000000001,-1,51,59,461602,1,1,4742.0,0,1,0,0,none:retail,0
216,-78.49634,38.05631,-1,51,540,800,4,1,455.0,0,1,0,0,none:retail,0
217,-78.47732999999991,38.0303900000001,-1,51,540,1000,1,1,0.0,0,1,0,1,none,0
218,-78.48510999999998,38.03117,-1,51,540,1000,1,1,364.0,0,1,0,0,none:retail,0
219,-78.47735,38.02798,-1,51,540,1000,1,1,409.0,0,1,0,0,none:retail,0
220,-78.47908000000002,38.08483,-1,51,3,10700,1,1,1709.0,0,1,0,0,none:retail,0
221,-78.47995,38.04041,-1,51,540,1000,2,1,793.0,0,1,0,0,none:retail,0
222,-78.47887,38.04106,-1,51,540,1000,2,1,1150.0,0,1,0,0,none:retail,0
223,-78.4895,38.03765,-1,51,540,202,1,1,1396.0,0,1,0,0,none:retail,0
224,-78.50085,38.05407,-1,51,540,700,3,1,178.0,0,1,0,0,none:retail,0
225,-78.46992,38.023,-1,51,540,402,1,1,607.0,0,1,0,0,none:retail,0
226,-78.4647,38.03203,-1,51,540,302,1,1,970.0,0,1,0,0,none:retail,0
227,-78.47823000000002,38.04019,-1,51,540,1000,2,1,1526.0,0,1,0,0,none:retail,0
228,-78.48617,38.02841,-1,51,540,401,1,1,117.0,0,1,0,0,none:retail,0
229,-78.4979,38.05404,-1,51,540,700,2,1,314.0,0,1,0,0,none:retail,0
230,-77.50829,38.30218,-1,51,630,500,2,1,1486.0,0,1,0,0,none:retail,0
231,-78.48189,38.03093,-1,51,540,1000,1,1,417.0,0,1,0,0,none:retail,0
232,-78.49696999999998,38.00298,-1,51,3,11303,1,1,632.0,0,1,0,0,none:retail,0
233,-78.50473000000002,38.05056,-1,51,540,700,3,1,1249.0,0,1,0,0,none:retail,0
234,-78.47835,38.04089000000001,-1,51,540,1000,2,1,1452.0,0,1,0,0,none:retail,0
235,-78.50005,38.05404,-1,51,540,800,4,1,722.0,0,1,0,0,none:retail,0
236,-78.49252,38.03213,-1,51,540,202,1,1,960.0,0,1,0,0,none:retail,0
237,-78.50458,38.05072,-1,51,540,700,3,1,1249.0,0,1,0,0,none:retail,0
238,-78.48586999999998,38.03509,-1,51,540,1000,1,1,998.0,0,1,0,0,none:retail,0
239,-78.47236,38.07927,-1,51,3,10601,2,1,2167.0,0,1,0,0,none:retail,0
240,-78.47329,38.08768,-1,51,3,10800,1,1,1597.0,0,1,0,0,none:retail,0
241,-78.47431,38.08154,-1,51,3,10700,1,1,329.0,0,1,0,0,none:retail,0
242,-77.11991,38.84889,-1,51,59,451502,2,1,2397.0,0,1,0,0,none:retail,0
243,-78.4813,38.03075,-1,51,540,1000,1,1,250.0,0,1,0,0,none:retail,0
244,-78.47794,38.03099,-1,51,540,1000,1,1,902.0,0,1,0,0,none:retail,0
245,-78.47892,38.02995,-1,51,540,1000,1,1,600.0,0,1,0,0,none:retail,0
246,-78.47882,38.02932,-1,51,540,1000,1,1,600.0,0,1,0,0,none:retail,0
247,-78.4785,38.02986,-1,51,540,1000,1,1,600.0,0,1,0,0,none:retail,0
248,-78.50473000000002,38.05056,-1,51,540,700,3,1,1249.0,0,1,0,0,none:retail,0
249,-78.4901,38.03828,-1,51,540,201,2,1,94.0,0,1,0,0,none:retail,0
250,-78.49977,38.05375,-1,51,540,800,4,1,722.0,0,1,0,0,none:retail,0
251,-78.50010999999998,38.05457,-1,51,540,800,4,1,385.0,0,1,0,0,none:retail,0
252,-78.50086999999998,38.03531,-1,51,540,202,3,1,625.0,0,1,0,0,none:retail,0
253,-78.4846,38.03771,-1,51,540,201,2,1,1951.0,0,1,0,0,none:retail,0
254,-77.51944,37.57294,-1,51,760,50500,2,1,231.0,0,1,0,0,none:retail,0
255,-78.51038,38.04195,-1,51,540,700,4,1,408.0,0,1,0,0,none:retail,0
256,-78.48272,38.0377,-1,51,540,1000,2,1,320.0,0,1,0,0,none:retail,0
257,-78.73246999999998,38.04156,-1,51,3,11201,1,1,494.0,0,1,0,0,none:retail,0
258,-78.515321,38.04241,-1,51,540,700,4,107,0.0,911,0,0,0,education,0
259,-78.503428,38.035665,-1,51,3,10903,2,8921,0.0,0,0,23898,0,education,0
260,-78.48818100000003,38.063947,-1,51,540,800,4,6,0.0,0,0,77,0,education,0
261,-78.48656700000002,38.039854,-1,51,540,201,2,46,0.0,591,0,0,0,education,0
262,-78.48276,38.040712,-1,51,540,201,1,12,0.0,105,0,0,0,education,0
263,-78.482781,38.04102,-1,51,540,201,1,6,0.0,50,0,0,0,education,0
264,-78.50614,38.021879,-1,51,540,502,1,29,0.0,358,0,0,0,education,0
265,-78.497047,38.026162,-1,51,540,501,2,49,0.0,505,0,0,0,education,0
266,-78.46289,38.035466,-1,51,540,302,1,28,0.0,407,0,0,0,education,0
267,-78.476628,38.052405,-1,51,540,800,2,99,0.0,1196,0,0,0,education,0
268,-78.47093000000002,38.063507,-1,51,540,800,1,28,0.0,383,0,0,0,education,0
269,-78.503925,38.014072,-1,51,540,502,5,29,0.0,352,0,0,0,education,0
270,-78.48362900000002,38.053821,-1,51,540,700,1,51,0.0,568,0,0,0,education,0
271,-78.47455699999998,38.022765,-1,51,540,402,2,33,0.0,355,0,0,0,education,0
272,-78.496329,38.038462,-1,51,540,202,2,25,0.0,347,0,0,0,education,0
273,-77.072375,38.774392,-1,51,59,415100,2,173,0.0,2646,0,0,0,education,0
274,-78.47804999999991,38.08448,-1,51,3,10700,1,213,0.0,0,213,0,0,none:medical,0
275,-78.48585,38.0289100000001,-1,51,540,1000,1,362,0.0,0,362,0,0,none:medical,0
276,-78.50594,38.0491500000001,-1,51,540,700,3,121,0.0,0,121,0,0,none:medical,0
277,-78.4763799999999,38.03074,-1,51,540,1000,1,1643,0.0,0,1643,0,0,none:medical,0
278,-78.4947799999999,38.06983,-1,51,3,10700,3,417,0.0,0,417,0,0,none:care_facilitation,0
279,-78.50976,38.0416200000001,-1,51,540,700,4,224,0.0,0,224,0,0,none:medical,0
280,-78.41491999999991,38.1575300000001,-1,51,3,10201,1,2490,0.0,0,2490,0,0,none:military,0
281,-77.1016,38.7389000000001,-1,51,59,421600,1,5000,0.0,0,5000,0,0,none:medical,0
282,-78.47129,38.0575000000001,-1,51,540,800,2,118,0.0,0,118,0,0,none:medical,0
283,-78.51725,38.05024,-1,51,3,10901,1,5000,0.0,0,5000,0,0,none:care_facilitation,0
284,-78.4709599999999,38.03225,-1,51,540,302,1,542,0.0,0,542,0,0,none:medical,0
285,-78.4435599999999,38.13122,-1,51,3,10300,3,245,0.0,0,245,0,0,none:care_facilitation,0
286,-78.47431999999998,38.07431,-1,51,3,10601,3,3726,0.0,0,3726,0,0,none:care_facilitation,0
287,-78.5156699999999,38.00476,-1,51,3,11302,2,5000,0.0,0,5000,0,0,none:government,0
288,-78.4936,38.0059600000001,-1,51,3,11303,1,3229,0.0,0,3229,0,0,none:government,0
289,-78.41491999999991,38.1575300000001,-1,51,3,10201,1,2490,0.0,0,2490,0,0,none:military,0
290,-78.86905,37.7604000000001,-1,51,125,950100,2,217,0.0,0,217,0,0,none:government,0
291,-78.47261,38.0593000000001,-1,51,540,800,2,5000,0.0,0,5000,0,0,none:medical,0
292,-78.50225999999998,38.04997,-1,51,540,700,3,67,0.0,0,67,0,0,none:government,0
293,-78.45849,38.06008,-1,51,3,10602,2,910,0.0,0,910,0,0,none:medical,0
294,-78.4998399999999,38.0325700000001,-1,51,540,600,1,2579,0.0,0,2579,0,0,none:medical,0
295,-78.43911,38.1488400000001,-1,51,3,10300,3,482,0.0,0,482,0,0,none:medical,0
296,-78.45478,38.08403,-1,51,3,10601,2,2671,0.0,0,2671,0,0,none:medical,0
297,-78.48455,38.0360200000001,-1,51,540,1000,2,334,0.0,0,334,0,0,none:medical,0
298,-78.4827799999999,38.02743,-1,51,540,1000,1,726,0.0,0,726,0,0,none:medical,0
299,-78.4955199999999,38.0595000000001,-1,51,540,800,4,56,0.0,0,56,0,0,none:medical,0
300,-77.90329,37.97974,-1,51,109,950100,3,428,0.0,0,428,0,0,none:medical,0
301,-78.4709999999999,38.0321000000001,-1,51,540,302,1,542,0.0,0,542,0,0,none:medical,0
302,-78.4710899999999,38.0320600000001,-1,51,540,302,1,542,0.0,0,542,0,0,none:medical,0
303,-78.45262,38.0889300000001,-1,51,3,10601,2,2671,0.0,0,2671,0,0,none:medical,0
304,-78.48167,38.0284,-1,51,540,401,1,1091,0.0,0,1091,0,0,none:medical,0
305,-77.3928299999999,38.9505300000001,-1,51,59,481101,1,5000,0.0,0,5000,0,0,none:government,0
306,-78.47977,38.032,-1,51,540,1000,1,1260,0.0,0,1260,0,0,none:medical,0
307,-78.47944,38.03274,-1,51,540,1000,2,152,0.0,0,152,0,0,none:medical,0
308,-78.4998399999999,38.0325700000001,-1,51,540,600,1,2579,0.0,0,2579,0,0,none:medical,0
309,-78.51008,38.059,-1,51,3,10800,5,4328,0.0,0,4328,0,0,none:care_facilitation,0
310,-78.4787899999999,38.03079,-1,51,540,1000,1,451,0.0,0,451,0,0,none:government,0
311,-78.48738,38.0308900000001,-1,51,540,1000,1,76,0.0,0,76,0,0,none:medical,0
312,-78.4872799999999,38.0308600000001,-1,51,540,1000,1,76,0.0,0,76,0,0,none:medical,0
313,-78.4723299999999,38.03155,-1,51,540,302,1,17,0.0,0,17,0,0,none:medical,0
314,-77.51014,38.3059400000001,-1,51,630,500,2,188,0.0,0,188,0,0,none:medical,0
315,-78.4788599999999,38.0818100000001,-1,51,3,10700,1,51,0.0,0,51,0,0,none:medical,0
316,-78.49879,38.1391600000001,-1,51,3,10202,2,5000,0.0,0,5000,0,0,none:medical,0
317,-78.48344,38.0329800000001,-1,51,540,1000,1,192,0.0,0,192,0,0,none:government,0
318,-78.48164,38.0234800000001,-1,51,540,401,1,157,0.0,0,157,0,0,none:government,0
319,-78.46011999999997,38.14156,-1,51,3,10201,2,606,0.0,0,606,0,0,none:medical,0
320,-78.4955199999999,38.0595000000001,-1,51,540,800,4,56,0.0,0,56,0,0,none:medical,0
321,-78.47673,38.0298500000001,-1,51,540,1000,1,204,0.0,0,204,0,0,none:medical,0
322,-78.4998399999999,38.0325700000001,-1,51,540,600,1,2579,0.0,0,2579,0,0,none:medical,0
323,-78.67541999999997,38.0688400000001,-1,51,3,11100,1,3760,0.0,0,3760,0,0,none:medical,0
324,-78.5027899999999,38.0460200000001,-1,51,540,700,2,291,0.0,0,291,0,0,none:medical,0
325,-78.47673,38.0298500000001,-1,51,540,1000,1,204,0.0,0,204,0,0,none:medical,0
326,-78.46968000000003,38.02327,-1,51,540,402,3,531,0.0,0,531,0,0,none:medical,0
327,-78.50065,38.06228,-1,51,3,10800,3,2388,0.0,0,2388,0,0,none:medical,0
328,-77.2454,38.92913,-1,51,59,460400,3,611,0.0,0,611,0,0,none:medical,0
329,-78.4709599999999,38.03225,-1,51,540,302,1,542,0.0,0,542,0,0,none:medical,0
330,-78.67541999999997,38.0688400000001,-1,51,3,11100,1,3760,0.0,0,3760,0,0,none:medical,0
331,-78.4956099999999,38.02437000000001,-1,51,540,501,3,140,0.0,0,140,0,0,none:medical,0
332,-78.48045999999991,38.0305000000001,-1,51,540,1000,1,528,0.0,0,528,0,0,none:medical,0
333,-78.68087,38.0521400000001,-1,51,3,11100,2,114,0.0,0,114,0,0,none:medical,0
334,-78.42007,38.1647,-1,51,3,10201,1,5000,0.0,0,5000,0,0,none:government,0
335,-78.51276,38.0346500000001,-1,51,3,10903,1,2576,0.0,0,2576,0,0,none:medical,0
336,-78.50976,38.0416200000001,-1,51,540,700,4,224,0.0,0,224,0,0,none:medical,0
337,-78.48167,38.0284,-1,51,540,401,1,1091,0.0,0,1091,0,0,none:medical,0
338,-78.70949,38.05843,-1,51,3,11100,4,420,0.0,0,420,0,0,none:medical,0
339,-78.60241999999991,38.2387200000001,-1,51,3,10100,1,74,0.0,0,74,0,0,none:medical,0
340,-78.60241999999991,38.2387200000001,-1,51,3,10100,1,74,0.0,0,74,0,0,none:care_facilitation,0
341,-78.47844,38.02714,-1,51,540,401,1,438,0.0,0,438,0,0,none:medical,0
342,-78.47795,38.07178,-1,51,3,10601,3,221,0.0,0,221,0,0,none:care_facilitation,0
343,-78.50246,38.0307100000001,-1,51,540,600,1,5000,0.0,0,5000,0,0,none:medical,0
344,-78.45719,38.0461100000001,-1,51,540,900,1,77,0.0,0,77,0,0,none:medical,0
345,-78.47808,38.03148,-1,51,540,1000,1,451,0.0,0,451,0,0,none:government,0
346,-78.47228,38.0807300000001,-1,51,3,10601,2,400,0.0,0,400,0,0,none:medical,0
347,-77.92868,37.74442,-1,51,75,400400,2,2943,0.0,0,2943,0,0,none:care_facilitation,0
348,-78.4796699999999,38.0347800000001,-1,51,540,1000,2,1753,0.0,0,1753,0,0,none:medical,0
349,-78.44503,38.12584,-1,51,3,10300,3,2590,0.0,0,2590,0,0,none:medical,0
350,-78.4722599999999,38.03045,-1,51,540,302,1,113,0.0,0,113,0,0,none:medical,0
351,-77.48573,37.5472300000001,-1,51,760,41600,1,1594,0.0,0,1594,0,0,none:medical,0
352,-77.4633699999999,38.29859,-1,51,630,100,3,5000,0.0,0,5000,0,0,none:medical,0
353,-78.49826,38.07435,-1,51,3,10700,3,20,0.0,0,20,0,0,none:medical,0
354,-78.4709599999999,38.03225,-1,51,540,302,1,542,0.0,0,542,0,0,none:medical,0
355,-78.4958799999999,38.0328900000001,-1,51,540,202,1,1373,0.0,0,1373,0,0,none:government,0
356,-78.3656,38.01487,-1,51,3,10401,3,810,0.0,0,810,0,0,none:medical,0
357,-78.4861299999999,38.0316700000001,-1,51,540,1000,1,158,0.0,0,158,0,0,none:government,0
358,-78.4709599999999,38.03225,-1,51,540,302,1,542,0.0,0,542,0,0,none:medical,0
359,-78.51753000000002,38.04634,-1,51,3,10901,1,49,0.0,0,49,0,0,none:medical,0
360,-78.48574,38.06881,-1,51,3,10700,3,4301,0.0,0,4301,0,0,none:military,0
361,-78.4805899999999,38.0633300000001,-1,51,540,800,3,335,0.0,0,335,0,0,none:medical,0
362,-78.50123999999991,38.0135300000001,-1,51,540,502,5,230,0.0,0,230,0,0,none:medical,0
363,-78.49344999999991,38.06415,-1,51,540,800,4,355,0.0,0,355,0,0,none:government,0
364,-78.49826,38.0200300000001,-1,51,540,501,3,37,0.0,0,37,0,0,none:government,0
365,-78.48788999999991,38.0623800000001,-1,51,540,800,4,5000,0.0,0,5000,0,0,none:medical,0
366,-78.48441,38.02817,-1,51,540,1000,1,2729,0.0,0,2729,0,0,none:medical,0
367,-78.48828,38.0370500000001,-1,51,540,201,2,327,0.0,0,327,0,0,none:medical,0
368,-78.4833399999999,38.02781,-1,51,540,1000,1,2729,0.0,0,2729,0,0,none:medical,0
369,-78.50733000000002,38.07624000000001,-1,51,3,10800,1,5000,0.0,0,5000,0,0,none:government,0
370,-77.47129,37.5661000000001,-1,51,760,40200,2,825,0.0,0,825,0,0,none:medical,0
371,-78.4823,38.0381100000001,-1,51,540,1000,2,1768,0.0,0,1768,0,0,none:medical,0
372,-78.48785,38.0309500000001,-1,51,540,1000,1,296,0.0,0,296,0,0,none:government,0
373,-78.49915,38.0036900000001,-1,51,3,11303,1,431,0.0,0,431,0,0,none:medical,0
374,-78.47732999999991,38.0288600000001,-1,51,540,1000,1,477,0.0,0,477,0,0,none:medical,0
375,-78.47989,38.04047,-1,51,540,1000,2,528,0.0,0,528,0,0,none:medical,0
376,-78.47374999999991,38.03157,-1,51,540,1000,3,165,0.0,0,165,0,0,none:medical,0
377,-78.4722399999999,38.0808500000001,-1,51,3,10601,2,400,0.0,0,400,0,0,none:government,0
378,-78.4387,38.12717,-1,51,3,10300,1,425,0.0,0,425,0,0,none:medical,0
379,-78.47677,38.0298000000001,-1,51,540,1000,1,204,0.0,0,204,0,0,none:government,0
380,-78.49508,38.00548,-1,51,3,11303,1,3229,0.0,0,3229,0,0,none:government,0
381,-78.48045999999991,38.03051,-1,51,540,1000,1,528,0.0,0,528,0,0,none:medical,0
382,-78.48451999999997,38.03083,-1,51,540,1000,1,291,0.0,0,291,0,0,none:government,0
383,-78.47317,38.02261,-1,51,540,402,1,1138,0.0,0,1138,0,0,none:government,0
384,-78.47394,38.0304800000001,-1,51,540,302,1,22,0.0,0,22,0,0,none:medical,0
385,-78.47899,38.02997,-1,51,540,1000,1,528,0.0,0,528,0,0,none:medical,0
386,-78.46082,38.0345300000001,-1,51,540,302,1,423,0.0,0,423,0,0,none:care_facilitation,0
387,-78.48104000000002,38.0393,-1,51,540,1000,2,1745,0.0,0,1745,0,0,none:government,0
388,-78.4726899999999,38.0285000000001,-1,51,540,302,1,95,0.0,0,95,0,0,none:medical,0
389,-78.4667499999999,38.0260900000001,-1,51,540,302,2,917,0.0,0,917,0,0,none:medical,0
390,-78.48738,38.0308900000001,-1,51,540,1000,1,76,0.0,0,76,0,0,none:medical,0
391,-78.49707,38.075,-1,51,3,10700,3,86,0.0,0,86,0,0,none:medical,0
392,-78.47752,38.03216,-1,51,540,1000,2,610,0.0,0,610,0,0,none:medical,0
393,-78.49098000000002,38.0317900000001,-1,51,540,1000,1,195,0.0,0,195,0,0,none:medical,0
394,-76.72251999999997,37.2794200000001,-1,51,830,370300,2,3076,0.0,0,3076,0,0,none:care_facilitation,0
395,-78.48155,38.0299600000001,-1,51,540,1000,1,499,0.0,0,499,0,0,none:care_facilitation,0
396,-78.48550999999998,38.03337,-1,51,540,1000,1,1461,0.0,0,1461,0,0,none:government,0
397,-78.47926,38.02919,-1,51,540,1000,1,510,0.0,0,510,0,0,none:medical,0
398,-78.47358,38.03043,-1,51,540,302,1,18,0.0,0,18,0,0,none:medical,0
399,-78.46276999999998,38.06325,-1,51,3,10602,1,910,0.0,0,910,0,0,none:government,0
400,-78.48365,38.0368500000001,-1,51,540,1000,2,1082,0.0,0,1082,0,0,none:medical,0
401,-78.48195,38.02928,-1,51,540,1000,1,30,0.0,0,30,0,0,none:medical,0
402,-78.48389,38.03662,-1,51,540,1000,2,388,0.0,0,388,0,0,none:government,0
403,-78.47853,38.0307700000001,-1,51,540,1000,1,451,0.0,0,451,0,0,none:government,0
404,-78.50059,38.0775400000001,-1,51,3,10800,1,5000,0.0,0,5000,0,0,none:government,0
405,-78.4786799999999,38.0294900000001,-1,51,540,1000,1,528,0.0,0,528,0,0,none:medical,0
406,-78.51616,38.0450200000001,-1,51,3,10902,1,533,0.0,0,533,0,0,none:medical,0
407,-78.48161999999998,38.02878,-1,51,540,1000,1,79,0.0,0,79,0,0,none:medical,0
408,-78.47246,38.0284100000001,-1,51,540,302,1,95,0.0,0,95,0,0,none:medical,0
409,-78.51606,38.0259600000001,-1,51,540,600,2,298,0.0,0,298,0,0,none:medical,0
410,-77.2336099999999,38.8662800000001,-1,51,59,440201,1,1302,0.0,0,1302,0,0,none:medical,0
411,-78.4845099999999,38.03605,-1,51,540,1000,2,334,0.0,0,334,0,0,none:medical,0
412,-78.46925,38.0318800000001,-1,51,540,302,1,22,0.0,0,22,0,0,none:medical,0
413,-78.47703,38.03171,-1,51,540,1000,1,892,0.0,0,892,0,0,none:government,0
414,-78.49387,38.05951,-1,51,540,800,4,167,0.0,0,167,0,0,none:medical,0
415,-78.48808000000002,38.05895,-1,51,540,800,4,5000,0.0,0,5000,0,0,none:medical,0
416,-78.4845099999999,38.03605,-1,51,540,1000,2,334,0.0,0,334,0,0,none:medical,0
417,-78.4845099999999,38.03605,-1,51,540,1000,2,334,0.0,0,334,0,0,none:medical,0
418,-78.48643,38.0366100000001,-1,51,540,201,2,213,0.0,0,213,0,0,none:medical,0
419,-78.48621,38.0305900000001,-1,51,540,1000,1,437,0.0,0,437,0,0,none:medical,0
420,-78.49611,38.06046,-1,51,540,800,4,56,0.0,0,56,0,0,none:medical,0
421,-78.4811,38.06913,-1,51,3,10601,3,1823,0.0,0,1823,0,0,none:care_facilitation,0
422,-78.46667999999991,38.0986100000001,-1,51,3,10800,1,2016,0.0,0,2016,0,0,none:medical,0
423,-78.4709999999999,38.0321000000001,-1,51,540,302,1,542,0.0,0,542,0,0,none:medical,0
424,-78.4838,38.0266800000001,-1,51,540,401,1,726,0.0,0,726,0,0,none:medical,0
425,-78.50481999999991,38.0484700000001,-1,51,540,700,3,55,0.0,0,55,0,0,none:medical,0
426,-78.47209000000002,38.0296000000001,-1,51,540,302,1,35,0.0,0,35,0,0,none:medical,0
427,-78.4845099999999,38.03605,-1,51,540,1000,2,334,0.0,0,334,0,0,none:medical,0
428,-78.64518000000002,37.9656400000001,-1,51,3,11202,2,328,0.0,0,328,0,0,none:care_facilitation,0
429,-78.50601999999998,38.0491900000001,-1,51,540,700,3,121,0.0,0,121,0,0,none:medical,0
430,-78.47896,38.08556,-1,51,3,10700,1,232,0.0,0,232,0,0,none:medical,0
431,-78.47212999999991,38.0296700000001,-1,51,540,302,1,35,0.0,0,35,0,0,none:medical,0
432,-78.47864,38.0316,-1,51,540,1000,1,170,0.0,0,170,0,0,none:medical,0
433,-78.50067,38.03445,-1,51,3,10903,2,3417,0.0,0,3417,0,0,none:medical,0
434,-78.49033,38.03342,-1,51,540,202,1,385,0.0,0,385,0,0,none:medical,0
435,-78.47944,38.03274,-1,51,540,1000,2,152,0.0,0,152,0,0,none:medical,0
436,-78.47288999999991,38.03151,-1,51,540,302,1,19,0.0,0,19,0,0,none:medical,0
437,-77.25693000000003,38.72806,-1,51,59,492203,2,211,0.0,0,211,0,0,none:medical,0
438,-77.47265,37.5542800000001,-1,51,760,41000,2,359,0.0,0,359,0,0,none:medical,0
439,-78.4894,38.03133,-1,51,540,1000,1,294,0.0,0,294,0,0,none:medical,0
440,-78.51354,38.0628800000001,-1,51,3,10800,5,126,0.0,0,126,0,0,none:care_facilitation,0
441,-78.437,38.1265900000001,-1,51,3,10300,1,126,0.0,0,126,0,0,none:medical,0
442,-78.48679,38.0370100000001,-1,51,540,201,2,213,0.0,0,213,0,0,none:medical,0
443,-78.47175,38.0294700000001,-1,51,540,302,1,80,0.0,0,80,0,0,none:medical,0
444,-78.49493000000002,38.02381,-1,51,540,501,1,131,0.0,0,131,0,0,none:medical,0
445,-78.47633,38.04155,-1,51,540,1000,2,299,0.0,0,299,0,0,none:medical,0
446,-77.45521,37.5690900000001,-1,51,760,40200,2,4289,0.0,0,4289,0,0,none:medical,0
447,-78.50679000000002,38.10765,-1,51,3,10202,1,404,0.0,0,404,0,0,none:medical,0
448,-78.5303499999999,38.051,-1,51,3,11000,1,1399,0.0,0,1399,0,0,none:medical,0
449,-78.43718,38.1289,-1,51,3,10300,1,2004,0.0,0,2004,0,0,none:medical,0
450,-78.4417099999999,38.13435,-1,51,3,10300,3,320,0.0,0,320,0,0,none:medical,0
451,-78.47093000000002,38.0416000000001,-1,51,540,900,2,162,0.0,0,162,0,0,none:medical,0
452,-78.47944,38.03274,-1,51,540,1000,2,152,0.0,0,152,0,0,none:medical,0
453,-78.48195,38.02928,-1,51,540,1000,1,30,0.0,0,30,0,0,none:medical,0
454,-78.48195,38.02928,-1,51,540,1000,1,30,0.0,0,30,0,0,none:medical,0
455,-78.46287,38.02182,-1,51,540,402,3,5000,0.0,0,5000,0,0,none:medical,0
456,-78.51606,38.0259600000001,-1,51,540,600,2,298,0.0,0,298,0,0,none:medical,0
457,-78.50123999999991,38.0135300000001,-1,51,540,502,5,230,0.0,0,230,0,0,none:care_facilitation,0
458,-78.47341999999998,38.0308600000001,-1,51,540,302,1,18,0.0,0,18,0,0,none:medical,0
459,-78.49738,38.0331600000001,-1,51,540,202,1,36,0.0,0,36,0,0,none:medical,0
460,-78.47515,38.0235900000001,-1,51,540,402,2,221,0.0,0,221,0,0,none:medical,0
461,-78.48161999999998,38.02878,-1,51,540,1000,1,79,0.0,0,79,0,0,none:medical,0
462,-78.4716,38.0819900000001,-1,51,3,10601,2,400,0.0,0,400,0,0,none:medical,0
463,-78.4777099999999,38.02957,-1,51,540,1000,1,528,0.0,0,528,0,0,none:care_facilitation,0
464,-78.482,38.02975,-1,51,540,1000,1,261,0.0,0,261,0,0,none:government,0
465,-78.4197,38.1216900000001,-1,51,3,10300,2,5000,0.0,0,5000,0,0,none:government,0
466,-78.50258000000002,38.0434700000001,-1,51,540,700,2,148,0.0,0,148,0,0,none:medical,0
467,-78.47853,38.0307700000001,-1,51,540,1000,1,451,0.0,0,451,0,0,none:government,0
468,-78.48993,38.07446,-1,51,3,10700,2,2681,0.0,0,2681,0,0,none:medical,0
469,-78.4403399999999,38.0215400000001,-1,51,3,10500,3,31,0.0,0,31,0,0,none:medical,0
470,-78.48234000000002,38.0706700000001,-1,51,3,10601,3,404,0.0,0,404,0,0,none:medical,0
471,-78.49416,38.14433,-1,51,3,10202,2,5000,0.0,0,5000,0,0,none:medical,0
472,-78.47853,38.0307700000001,-1,51,540,1000,1,451,0.0,0,451,0,0,none:medical,0
473,-77.3142,38.94379,-1,51,59,482400,1,1386,0.0,0,1386,0,0,none:medical,0
474,-78.458,38.0324200000001,-1,51,3,10500,3,469,0.0,0,469,0,0,none:medical,0
475,-78.47633,38.0318100000001,-1,51,540,1000,3,183,0.0,0,183,0,0,none:medical,0
476,-78.47212999999991,38.0296700000001,-1,51,540,302,1,35,0.0,0,35,0,0,none:medical,0
477,-78.48365,38.02381,-1,51,540,401,1,2327,0.0,0,2327,0,0,none:government,0
478,-78.48808000000002,38.0657600000001,-1,51,540,800,4,483,0.0,0,483,0,0,none:medical,0
479,-78.70947,38.0584200000001,-1,51,3,11100,4,420,0.0,0,420,0,0,none:medical,0
480,-78.45526,38.0319500000001,-1,51,3,10500,3,144,0.0,0,144,0,0,none:medical,0
481,-78.44051,38.02277,-1,51,3,10500,3,415,0.0,0,415,0,0,none:medical,0
482,-78.48574,38.0688200000001,-1,51,3,10700,3,4301,0.0,0,4301,0,0,none:medical,0
483,-78.48643,38.0366100000001,-1,51,540,201,2,213,0.0,0,213,0,0,none:care_facilitation,0
484,-78.44051,38.02277,-1,51,3,10500,3,415,0.0,0,415,0,0,none:medical,0
485,-78.49681,38.07525,-1,51,3,10700,2,86,0.0,0,86,0,0,none:medical,0
486,-78.50481999999991,38.0484700000001,-1,51,540,700,3,55,0.0,0,55,0,0,none:medical,0
487,-78.47891,38.08207,-1,51,3,10700,1,51,0.0,0,51,0,0,none:medical,0
488,-78.52795,38.02518,-1,51,3,11202,1,625,0.0,0,625,0,0,none:government,0
489,-78.48913,38.04022,-1,51,540,201,2,134,0.0,0,134,0,0,none:medical,0
490,-78.47752,38.0718200000001,-1,51,3,10601,3,221,0.0,0,221,0,0,none:medical,0
491,-78.47831,38.03209,-1,51,540,1000,1,2714,0.0,0,2714,0,0,none:medical,0
492,-78.4897,38.0742100000001,-1,51,3,10700,2,2681,0.0,0,2681,0,0,none:medical,0
493,-78.51753000000002,38.04634,-1,51,3,10901,1,49,0.0,0,49,0,0,none:medical,0
494,-78.48817,38.03662,-1,51,540,202,1,202,0.0,0,202,0,0,none:medical,0
495,-78.48738,38.0308900000001,-1,51,540,1000,1,76,0.0,0,76,0,0,none:medical,0
496,-78.47212999999991,38.0296700000001,-1,51,540,302,1,35,0.0,0,35,0,0,none:medical,0
497,-78.48161999999998,38.02878,-1,51,540,1000,1,79,0.0,0,79,0,0,none:medical,0
498,-78.49756999999991,38.0332000000001,-1,51,540,202,1,56,0.0,0,56,0,0,none:medical,0
499,-78.47896,38.08556,-1,51,3,10700,1,232,0.0,0,232,0,0,none:medical,0
500,-78.4709999999999,38.0321000000001,-1,51,540,302,1,542,0.0,0,542,0,0,none:medical,0
501,-78.4709999999999,38.0321000000001,-1,51,540,302,1,542,0.0,0,542,0,0,none:medical,0
502,-78.47774,38.0731400000001,-1,51,3,10601,3,221,0.0,0,221,0,0,none:medical,0
503,-78.67538,38.0688700000001,-1,51,3,11100,1,3760,0.0,0,3760,0,0,none:medical,0
504,-78.47389,38.0304600000001,-1,51,540,302,1,22,0.0,0,22,0,0,none:medical,0
505,-78.47844,38.02714,-1,51,540,401,1,438,0.0,0,438,0,0,none:medical,0
506,-78.4986,38.03193,-1,51,540,600,1,8,0.0,0,8,0,0,none:medical,0
507,-78.47768999999991,38.02961,-1,51,540,1000,1,528,0.0,0,528,0,0,none:government,0
508,-78.4986,38.01093,-1,51,3,11303,1,325,0.0,0,325,0,0,none:medical,0
509,-78.49391,38.0025000000001,-1,51,3,11303,2,2806,0.0,0,2806,0,0,none:medical,0
510,-78.4692899999999,38.02709,-1,51,540,302,1,855,0.0,0,855,0,0,none:medical,0
511,-78.48761,38.06832,-1,51,3,10700,3,4301,0.0,0,4301,0,0,none:medical,0
512,-78.69624,38.06901,-1,51,3,11100,1,450,0.0,0,450,0,0,none:medical,0
513,-78.47801,38.03097,-1,51,540,1000,1,451,0.0,0,451,0,0,none:medical,0
514,-78.4580099999999,38.03241,-1,51,3,10500,3,469,0.0,0,469,0,0,none:medical,0
515,-78.46816,38.02585,-1,51,540,302,1,307,0.0,0,307,0,0,none:government,0
516,-78.48817,38.03662,-1,51,540,202,1,202,0.0,0,202,0,0,none:medical,0
517,-78.47732999999991,38.0288600000001,-1,51,540,1000,1,477,0.0,0,477,0,0,none:medical,0
518,-78.48957,38.0338800000001,-1,51,540,202,1,122,0.0,0,122,0,0,none:government,0
519,-78.69624,38.06901,-1,51,3,11100,1,450,0.0,0,450,0,0,none:medical,0
520,-78.4435599999999,38.13122,-1,51,3,10300,3,245,0.0,0,245,0,0,none:care_facilitation,0
521,-78.47849999999991,38.0847600000001,-1,51,3,10700,1,113,0.0,0,113,0,0,none:medical,0
522,-78.49601,38.07532,-1,51,3,10700,2,71,0.0,0,71,0,0,none:medical,0
523,-78.4713199999999,38.02946,-1,51,540,302,1,80,0.0,0,80,0,0,none:medical,0
524,-78.50041999999998,38.0532700000001,-1,51,540,700,3,661,0.0,0,661,0,0,none:medical,0
525,-78.47306999999998,38.0879,-1,51,3,10800,1,74,0.0,0,74,0,0,none:government,0
526,-78.47129,38.0279100000001,-1,51,540,302,1,168,0.0,0,168,0,0,none:medical,0
527,-78.4710899999999,38.0320600000001,-1,51,540,302,1,542,0.0,0,542,0,0,none:medical,0
528,-78.4710899999999,38.0320600000001,-1,51,540,302,1,542,0.0,0,542,0,0,none:medical,0
529,-78.51548000000003,38.0617500000001,-1,51,3,10800,5,4328,0.0,0,4328,0,0,none:medical,0
530,-78.4845099999999,38.03605,-1,51,540,1000,2,334,0.0,0,334,0,0,none:medical,0
531,-78.4722399999999,38.0808400000001,-1,51,3,10601,2,400,0.0,0,400,0,0,none:medical,0
532,-78.46996999999998,38.08826,-1,51,3,10601,1,341,0.0,0,341,0,0,none:medical,0
533,-78.44981,38.02759,-1,51,3,10500,3,400,0.0,0,400,0,0,none:care_facilitation,0
534,-78.4827,38.06967,-1,51,3,10601,3,1823,0.0,0,1823,0,0,none:medical,0
535,-78.48161999999998,38.02878,-1,51,540,1000,1,79,0.0,0,79,0,0,none:medical,0
536,-77.23349,38.86402,-1,51,59,440202,2,261,0.0,0,261,0,0,none:medical,0
537,-78.45687,38.03153,-1,51,3,10500,3,852,0.0,0,852,0,0,none:medical,0
538,-77.65176,37.65981,-1,51,75,400100,2,102,0.0,0,102,0,0,none:medical,0
539,-78.4710899999999,38.0320600000001,-1,51,540,302,1,542,0.0,0,542,0,0,none:medical,0
540,-78.4769899999999,38.03027,-1,51,540,1000,1,1412,0.0,0,1412,0,0,none:medical,0
541,-78.47944,38.03274,-1,51,540,1000,2,152,0.0,0,152,0,0,none:medical,0
542,-78.4825299999999,38.0311400000001,-1,51,540,1000,1,211,0.0,0,211,0,0,none:medical,0
543,-78.47873,38.0817900000001,-1,51,3,10700,1,51,0.0,0,51,0,0,none:medical,0
544,-78.4710899999999,38.0320600000001,-1,51,540,302,1,542,0.0,0,542,0,0,none:medical,0
545,-78.4947799999999,38.06983,-1,51,3,10700,3,417,0.0,0,417,0,0,none:medical,0
546,-78.49683,37.99686,-1,51,3,11303,2,4445,0.0,0,4445,0,0,none:care_facilitation,0
547,-78.47471,38.0878000000001,-1,51,3,10800,1,1368,0.0,0,1368,0,0,none:medical,0
548,-78.4985399999999,38.01111,-1,51,3,11303,1,325,0.0,0,325,0,0,none:medical,0
549,-78.48499,38.03454,-1,51,540,1000,1,514,0.0,0,514,0,0,none:government,0
550,-78.50044,38.03439,-1,51,3,10903,2,3417,0.0,0,3417,0,0,none:medical,0
551,-78.47944,38.03274,-1,51,540,1000,2,152,0.0,0,152,0,0,none:medical,0
552,-78.4998399999999,38.0325700000001,-1,51,540,600,1,2579,0.0,0,2579,0,0,none:medical,0
553,-78.47039000000002,38.02216,-1,51,540,402,1,173,0.0,0,173,0,0,none:medical,0
554,-78.50044,38.03439,-1,51,3,10903,2,3417,0.0,0,3417,0,0,none:medical,0
555,-78.49710999999998,38.0312700000001,-1,51,540,600,1,2579,0.0,0,2579,0,0,none:medical,0
556,-78.50506,38.0502500000001,-1,51,540,700,3,999,0.0,0,999,0,0,none:medical,0
557,-78.47813000000002,38.0314900000001,-1,51,540,1000,1,451,0.0,0,451,0,0,none:government,0
558,-78.50225999999998,38.04997,-1,51,540,700,3,67,0.0,0,67,0,0,none:medical,0
559,-78.47768999999991,38.02961,-1,51,540,1000,1,528,0.0,0,528,0,0,none:government,0
560,-77.77424999999991,37.7179400000001,-1,51,75,400200,2,5000,0.0,0,5000,0,0,none:medical,0
561,-78.47317,38.02261,-1,51,540,402,1,1138,0.0,0,1138,0,0,none:government,0
562,-77.17506,38.9070100000001,-1,51,59,470900,4,170,0.0,0,170,0,0,none:medical,0
563,-78.50058,38.03238,-1,51,540,600,1,2579,0.0,0,2579,0,0,none:medical,0
564,-78.49611,38.06046,-1,51,540,800,4,56,0.0,0,56,0,0,none:medical,0
565,-78.47015,38.0567800000001,-1,51,540,800,2,118,0.0,0,118,0,0,none:medical,0
566,-78.47845,38.03069,-1,51,540,1000,1,451,0.0,0,451,0,0,none:medical,0
567,-78.51391,38.0522700000001,-1,51,3,10901,1,5000,0.0,0,5000,0,0,none:government,0
568,-78.4986499999999,38.03986,-1,51,540,202,3,5000,0.0,0,5000,0,0,none:care_facilitation,0
569,-77.4589999999999,37.57829,-1,51,760,10402,1,1939,0.0,0,1939,0,0,none:care_facilitation,0
570,-78.50506,38.0502500000001,-1,51,540,700,3,999,0.0,0,999,0,0,none:medical,0
571,-78.5424599999999,38.04481,-1,51,3,11000,2,5000,0.0,0,5000,0,0,none:medical,0
572,-78.49598,38.0328500000001,-1,51,540,202,1,1373,0.0,0,1373,0,0,none:medical,0
573,-78.50886,38.0389000000001,-1,51,540,700,4,487,0.0,0,487,0,0,none:government,0
574,-78.51268,38.04326,-1,51,540,700,4,136,0.0,0,136,0,0,none:medical,0
575,-78.51086,38.0519400000001,-1,51,3,10901,1,5000,0.0,0,5000,0,0,none:military,0
576,-78.4911299999999,38.1823200000001,-1,51,3,10201,2,853,0.0,0,853,0,0,none:medical,0
577,-78.47283,38.03015,-1,51,540,302,1,21,0.0,0,21,0,0,none:medical,0
578,-78.4888999999999,38.06366,-1,51,540,800,4,130,0.0,0,130,0,0,none:medical,0
579,-78.4736,38.0318,-1,51,540,1000,3,332,0.0,0,332,0,0,none:medical,0
580,-78.4839899999999,38.0416500000001,-1,51,540,201,1,64,0.0,0,64,0,0,none:medical,0
581,-78.4860899999999,38.03051,-1,51,540,1000,1,603,0.0,0,603,0,0,none:medical,0
582,-78.4786799999999,38.0294900000001,-1,51,540,1000,1,528,0.0,0,528,0,0,none:medical,0
583,-78.47633,38.0318,-1,51,540,1000,3,183,0.0,0,183,0,0,none:medical,0
584,-78.4825099999999,38.0311400000001,-1,51,540,1000,1,211,0.0,0,211,0,0,none:medical,0
585,-78.47921,38.02916,-1,51,540,1000,1,510,0.0,0,510,0,0,none:medical,0
586,-78.47025999999991,38.02241,-1,51,540,402,1,126,0.0,0,126,0,0,none:government,0
587,-78.50059,38.0310400000001,-1,51,540,600,1,5000,0.0,0,5000,0,0,none:medical,0
588,-78.47336,38.03097,-1,51,540,302,1,97,0.0,0,97,0,0,none:medical,0
589,-78.48529,38.0340200000001,-1,51,540,1000,1,139,0.0,0,139,0,0,none:government,0
590,-78.48631999999998,38.0311800000001,-1,51,540,1000,1,158,0.0,0,158,0,0,none:medical,0
591,-78.4709599999999,38.03225,-1,51,540,302,1,542,0.0,0,542,0,0,none:medical,0
592,-78.51105,38.0319500000001,-1,51,3,10903,1,4064,0.0,0,4064,0,0,none:government,0
593,-78.49603999999991,38.06059000000001,-1,51,540,800,4,56,0.0,0,56,0,0,none:medical,0
594,-77.13276999999991,38.76982,-1,51,59,422402,1,1359,0.0,0,1359,0,0,none:medical,0
595,-78.4845099999999,38.03605,-1,51,540,1000,2,334,0.0,0,334,0,0,none:medical,0
596,-78.4860899999999,38.03051,-1,51,540,1000,1,603,0.0,0,603,0,0,none:medical,0
597,-78.46942,38.0712500000001,-1,51,3,10601,3,351,0.0,0,351,0,0,none:medical,0
598,-78.48198000000002,38.02928,-1,51,540,1000,1,30,0.0,0,30,0,0,none:medical,0
599,-78.48175,38.0702600000001,-1,51,3,10601,3,53,0.0,0,53,0,0,none:medical,0
600,-78.49828000000002,38.0344700000001,-1,51,540,202,2,179,0.0,0,179,0,0,none:medical,0
601,-78.49611,38.06046,-1,51,540,800,4,56,0.0,0,56,0,0,none:medical,0
602,-78.48302,38.0311600000001,-1,51,540,1000,1,792,0.0,0,792,0,0,none:medical,0
603,-78.49763,38.0332100000001,-1,51,540,202,1,56,0.0,0,56,0,0,none:medical,0
604,-78.4866,38.0306200000001,-1,51,540,1000,1,76,0.0,0,76,0,0,none:medical,0
605,-77.2088699999999,38.7396200000001,-1,51,59,432800,1,5000,0.0,0,5000,0,0,none:military,0
606,-78.48439,38.02563,-1,51,540,401,1,102,0.0,0,102,0,0,none:care_facilitation,0
607,-78.47953000000003,38.02928,-1,51,540,1000,1,528,0.0,0,528,0,0,none:medical,0
608,-77.99395,38.0201900000001,-1,51,109,950201,1,284,0.0,0,284,0,0,none:medical,0
609,-78.49710999999998,38.0312700000001,-1,51,540,600,1,2579,0.0,0,2579,0,0,none:medical,0
610,-78.49710999999998,38.0312700000001,-1,51,540,600,1,2579,0.0,0,2579,0,0,none:government,0
611,-78.47336,38.0309600000001,-1,51,540,302,1,97,0.0,0,97,0,0,none:medical,0
612,-78.50157,38.06172,-1,51,3,10800,3,2388,0.0,0,2388,0,0,none:medical,0
613,-78.51428,38.05609000000001,-1,51,3,10800,5,5000,0.0,0,5000,0,0,none:medical,0
614,-78.4787899999999,38.03079,-1,51,540,1000,1,451,0.0,0,451,0,0,none:medical,0
615,-78.49905,38.03052,-1,51,540,600,1,2579,0.0,0,2579,0,0,none:medical,0
616,-78.57003,38.0662400000001,-1,51,3,11000,5,251,0.0,0,251,0,0,none:medical,0
617,-78.61542,37.85682,-1,51,3,11400,1,221,0.0,0,221,0,0,none:medical,0
618,-78.47932,38.0553800000001,-1,51,540,800,3,5000,0.0,0,5000,0,0,none:medical,0
619,-78.48796999999998,37.9978300000001,-1,51,3,11303,2,5000,0.0,0,5000,0,0,none:medical,0
620,-78.48405,38.0584500000001,-1,51,540,800,3,5000,0.0,0,5000,0,0,none:medical,0
621,-78.50594,38.0491500000001,-1,51,540,700,3,121,0.0,0,121,0,0,none:medical,0
622,-78.49416999999991,38.1443100000001,-1,51,3,10202,2,5000,0.0,0,5000,0,0,none:medical,0
623,-78.5121799999999,38.05728,-1,51,3,10800,5,4328,0.0,0,4328,0,0,none:medical,0
624,-78.51154,38.04078,-1,51,540,700,4,354,0.0,0,354,0,0,none:medical,0
625,-78.49319,38.0477100000001,-1,51,540,700,2,88,0.0,0,88,0,0,none:medical,0
626,-78.49306999999997,38.0511300000001,-1,51,540,700,2,96,0.0,0,96,0,0,none:medical,0
627,-78.4931099999999,38.0468500000001,-1,51,540,700,1,88,0.0,0,88,0,0,none:medical,0
628,-78.49547,38.05562000000001,-1,51,540,700,2,332,0.0,0,332,0,0,none:medical,0
629,-78.4866,38.0306200000001,-1,51,540,1000,1,76,0.0,0,76,0,0,none:medical,0
630,-78.4829,38.0333400000001,-1,51,540,1000,1,40,0.0,0,40,0,0,none:medical,0
631,-78.50195999999991,38.03209,-1,51,540,600,1,2579,0.0,0,2579,0,0,none:medical,0
632,-78.47864,38.0316,-1,51,540,1000,1,170,0.0,0,170,0,0,none:medical,0
633,-78.48038000000003,38.03297,-1,51,540,1000,1,520,0.0,0,520,0,0,none:medical,0
634,-78.67541999999997,38.0688400000001,-1,51,3,11100,1,3760,0.0,0,3760,0,0,none:medical,0
635,-78.67541999999997,38.0688400000001,-1,51,3,11100,1,3760,0.0,0,3760,0,0,none:medical,0
636,-78.4967395581636,38.0375477994466,-1,51,540,202,2,0,,0,0,0,0,none:home,1
637,-78.49716182110329,38.0379101878993,-1,51,540,202,2,0,,0,0,0,0,none:home,1
638,-78.4749275,38.0332945,-1,51,540,1000,3,0,,0,0,0,0,none:home,1
639,-78.47531770010029,38.031158645340795,-1,51,540,1000,1,0,,0,0,0,0,none:home,1
640,-78.4938192666408,38.0360671729737,-1,51,540,202,1,0,,0,0,0,0,none:home,1
641,-78.4845963919598,38.0456902437186,-1,51,540,700,1,0,,0,0,0,0,none:home,1
642,-78.500006,38.02328,-1,51,540,501,3,0,,0,0,0,0,none:home,1
643,-78.5121519237165,38.028038315657895,-1,51,540,600,2,0,,0,0,0,0,none:home,1
644,-78.517148607247,38.0165962954092,-1,51,540,502,3,0,,0,0,0,0,none:home,1
645,-78.4681613057235,38.0183726423655,-1,51,540,402,3,0,,0,0,0,0,none:home,1
646,-78.4801255015057,38.02686316944529,-1,51,540,401,1,0,,0,0,0,0,none:home,1
647,-78.4988955050329,38.0479498600269,-1,51,540,700,2,0,,0,0,0,0,none:home,1
648,-78.48911548896,38.03951233717329,-1,51,540,201,2,0,,0,0,0,0,none:home,1
649,-78.477758,38.034441,-1,51,540,1000,2,0,,0,0,0,0,none:home,1
650,-78.4756845,38.019858,-1,51,540,402,2,0,,0,0,0,0,none:home,1
651,-78.497638325168,38.0213169597179,-1,51,540,501,3,0,,0,0,0,0,none:home,1
652,-78.48336,38.045975,-1,51,540,700,1,0,,0,0,0,0,none:home,1
653,-78.4961997217343,38.0413156958082,-1,51,540,201,3,0,,0,0,0,0,none:home,1
654,-78.50174653753571,38.0277983624301,-1,51,540,501,2,0,,0,0,0,0,none:home,1
655,-78.4788745,38.025117,-1,51,540,401,1,0,,0,0,0,0,none:home,1
656,-78.50851800000002,38.0169435,-1,51,540,502,4,0,,0,0,0,0,none:home,1
657,-78.4843405,38.0187095,-1,51,540,401,2,0,,0,0,0,0,none:home,1
658,-78.510768,38.0121905,-1,51,540,502,5,0,,0,0,0,0,none:home,1
659,-78.493844727926,38.04415651945421,-1,51,540,201,3,0,,0,0,0,0,none:home,1
660,-78.49446850000002,38.0366985,-1,51,540,202,1,0,,0,0,0,0,none:home,1
661,-78.5016223498851,38.0195115659007,-1,51,540,502,1,0,,0,0,0,0,none:home,1
662,-78.5130408771582,38.039340265065796,-1,51,540,700,4,0,,0,0,0,0,none:home,1
663,-78.47670550646171,38.0260576501197,-1,51,540,402,2,0,,0,0,0,0,none:home,1
664,-78.461754,38.0329515,-1,51,540,302,2,0,,0,0,0,0,none:home,1
665,-78.48325799999998,38.0504645,-1,51,540,700,1,0,,0,0,0,0,none:home,1
666,-78.4825155,38.046323,-1,51,540,700,1,0,,0,0,0,0,none:home,1
667,-78.52093140926858,38.022330311601294,-1,51,540,502,3,0,,0,0,0,0,none:home,1
668,-78.51548459533609,38.039041237251,-1,51,540,700,4,0,,0,0,0,0,none:home,1
669,-78.4937195,38.03024050000001,-1,51,540,501,1,0,,0,0,0,0,none:home,1
670,-78.4783118718127,38.0365291379002,-1,51,540,1000,2,0,,0,0,0,0,none:home,1
671,-78.4788145,38.0340465,-1,51,540,1000,2,0,,0,0,0,0,none:home,1
672,-78.4742,38.0392695,-1,51,540,1000,2,0,,0,0,0,0,none:home,1
673,-78.47204350000001,38.029873,-1,51,540,302,1,0,,0,0,0,0,none:home,1
674,-78.5006863320792,38.021320409077894,-1,51,540,502,1,0,,0,0,0,0,none:home,1
675,-78.475827,38.022009,-1,51,540,402,2,0,,0,0,0,0,none:home,1
676,-78.4594399741236,38.0421213357871,-1,51,540,900,1,0,,0,0,0,0,none:home,1
677,-78.493573,38.0178675,-1,51,540,401,2,0,,0,0,0,0,none:home,1
678,-78.4759015,38.0161265,-1,51,540,402,4,0,,0,0,0,0,none:home,1
679,-78.4852215,38.026955,-1,51,540,401,1,0,,0,0,0,0,none:home,1
680,-78.507134,38.02562800000001,-1,51,540,502,2,0,,0,0,0,0,none:home,1
681,-78.5183507013223,38.023123961808096,-1,51,540,502,3,0,,0,0,0,0,none:home,1
682,-78.4944497169077,38.060679881940395,-1,51,540,800,4,0,,0,0,0,0,none:home,1
683,-78.49059150000002,38.028774,-1,51,540,501,1,0,,0,0,0,0,none:home,1
684,-78.460578,38.046639,-1,51,540,900,1,0,,0,0,0,0,none:home,1
685,-78.49376366964479,38.0354285600584,-1,51,540,202,1,0,,0,0,0,0,none:home,1
686,-78.4723485,38.0201845,-1,51,540,402,3,0,,0,0,0,0,none:home,1
687,-78.476929,38.0247875,-1,51,540,402,2,0,,0,0,0,0,none:home,1
688,-78.4769975297761,38.04374414451871,-1,51,540,1000,2,0,,0,0,0,0,none:home,1
689,-78.48574343079859,38.0193261647337,-1,51,540,401,2,0,,0,0,0,0,none:home,1
690,-78.4983445,38.041198,-1,51,540,201,3,0,,0,0,0,0,none:home,1
691,-78.4855405,38.042433,-1,51,540,201,1,0,,0,0,0,0,none:home,1
692,-78.4917853323859,38.0509432133694,-1,51,540,700,2,0,,0,0,0,0,none:home,1
693,-78.469131,38.04557,-1,51,540,900,2,0,,0,0,0,0,none:home,1
694,-78.5199023831463,38.0270695442191,-1,51,540,600,2,0,,0,0,0,0,none:home,1
695,-78.481543,38.043668,-1,51,540,201,1,0,,0,0,0,0,none:home,1
696,-78.47800550000002,38.055548,-1,51,540,800,3,0,,0,0,0,0,none:home,1
697,-78.4816124626122,38.013591688575396,-1,51,540,402,4,0,,0,0,0,0,none:home,1
698,-78.51501758199579,38.0121547449689,-1,51,540,502,4,0,,0,0,0,0,none:home,1
699,-78.4722870278699,38.022348494767,-1,51,540,402,1,0,,0,0,0,0,none:home,1
700,-78.4744518032251,38.0559632505234,-1,51,540,800,2,0,,0,0,0,0,none:home,1
701,-78.47757666666669,38.0238627233115,-1,51,540,402,2,0,,0,0,0,0,none:home,1
702,-78.5200540790114,38.020259225333604,-1,51,540,502,3,0,,0,0,0,0,none:home,1
703,-78.5038752295822,38.02533443191329,-1,51,540,502,2,0,,0,0,0,0,none:home,1
704,-78.4717740449102,38.022386688498,-1,51,540,402,1,0,,0,0,0,0,none:home,1
705,-78.515233,38.023709,-1,51,540,502,3,0,,0,0,0,0,none:home,1
706,-78.496565,38.0140915,-1,51,540,401,2,0,,0,0,0,0,none:home,1
707,-78.4927292173536,38.0413952093879,-1,51,540,201,2,0,,0,0,0,0,none:home,1
708,-78.4764655,38.018208,-1,51,540,402,2,0,,0,0,0,0,none:home,1
709,-78.4810562687981,38.021968133860796,-1,51,540,401,1,0,,0,0,0,0,none:home,1
710,-78.48917480311,38.05966241115721,-1,51,540,800,4,0,,0,0,0,0,none:home,1
711,-78.48332008313001,38.05288373468221,-1,51,540,700,1,0,,0,0,0,0,none:home,1
712,-78.4980675079721,38.0415522117748,-1,51,540,201,3,0,,0,0,0,0,none:home,1
713,-78.4977193323508,38.0362375424571,-1,51,540,202,2,0,,0,0,0,0,none:home,1
714,-78.4674400991182,38.064193901373,-1,51,540,800,1,0,,0,0,0,0,none:home,1
715,-78.503377,38.0433695,-1,51,540,700,2,0,,0,0,0,0,none:home,1
716,-78.5090594023473,38.031516166354706,-1,51,540,600,1,0,,0,0,0,0,none:home,1
717,-78.4613322723424,38.0485641258246,-1,51,540,900,1,0,,0,0,0,0,none:home,1
718,-78.47128416438129,38.03680847394671,-1,51,540,1000,3,0,,0,0,0,0,none:home,1
719,-78.480542,38.020058,-1,51,540,402,2,0,,0,0,0,0,none:home,1
720,-78.4964832777247,38.0341628685904,-1,51,540,202,2,0,,0,0,0,0,none:home,1
721,-78.5101835,38.015044,-1,51,540,502,5,0,,0,0,0,0,none:home,1
722,-78.5055065315989,38.051248982951996,-1,51,540,700,3,0,,0,0,0,0,none:home,1
723,-78.49919341575371,38.038143697971286,-1,51,540,202,3,0,,0,0,0,0,none:home,1
724,-78.498068,38.0440695,-1,51,540,700,2,0,,0,0,0,0,none:home,1
725,-78.4992965,38.0236875,-1,51,540,501,3,0,,0,0,0,0,none:home,1
726,-78.4809795,38.026091,-1,51,540,401,1,0,,0,0,0,0,none:home,1
727,-78.4648207142462,38.0381206035206,-1,51,540,900,1,0,,0,0,0,0,none:home,1
728,-78.4975895896646,38.036498574037104,-1,51,540,202,2,0,,0,0,0,0,none:home,1
729,-78.45866533643859,38.0427625179262,-1,51,540,900,1,0,,0,0,0,0,none:home,1
730,-78.5002759810666,38.024426165299204,-1,51,540,501,3,0,,0,0,0,0,none:home,1
731,-78.4936037598891,38.036477525271295,-1,51,540,202,1,0,,0,0,0,0,none:home,1
732,-78.46733029355109,38.06115440986829,-1,51,540,800,1,0,,0,0,0,0,none:home,1
733,-78.5008605,38.041932,-1,51,540,700,2,0,,0,0,0,0,none:home,1
734,-78.50627658884859,38.0499324147985,-1,51,540,700,3,0,,0,0,0,0,none:home,1
