hid,pid,activity_number,activity_type,start_time,duration,lid,longitude,latitude,travel_mode
2208253,5586585,0,1,0,27900,1018209,-78.4884675,38.0430255,-1
2208253,5586585,2,2,28800,17100,82246,-78.41492,38.15753,-1
2208253,5586585,4,4,46800,1200,86726,-78.49879,38.13916,-1
2208253,5586585,6,2,48600,15300,82246,-78.41492,38.15753,-1
2208253,5586585,8,1,64800,36000,1018209,-78.4884675,38.0430255,-1
2208253,5586585,9,1,100800,14400,1018209,-78.4884675,38.0430255,-1
2208253,5586585,11,3,115500,5100,75609,-78.47236,38.07927,-1
2208253,5586585,13,1,121500,1800,1018209,-78.4884675,38.0430255,-1
2208253,5586585,15,3,124200,5400,18451,-78.48595,38.06474,-1
2208253,5586585,1,1,130500,2700,1018209,-78.4884675,38.0430255,-1
2208253,5586585,3,3,134100,5400,7390,-78.31818,38.05423,-1
2208253,5586585,5,1,140400,11700,1018209,-78.4884675,38.0430255,-1
2208253,5586585,7,7,153000,5400,64858,-78.47574,38.01872,-1
2208253,5586585,9,1,159300,27900,1018209,-78.4884675,38.0430255,-1
2208253,5586585,10,1,187200,14400,1018209,-78.4884675,38.0430255,-1
2208253,5586585,12,3,201900,5100,4268,-78.46652,38.09852,-1
2208253,5586585,14,1,207900,1800,1018209,-78.4884675,38.0430255,-1
2208253,5586585,0,3,210600,5400,72382,-78.44223,38.14755,-1
2208253,5586585,2,1,216900,2700,1018209,-78.4884675,38.0430255,-1
2208253,5586585,4,3,220500,5400,67712,-78.47594,38.07772,-1
2208253,5586585,6,1,226800,11700,1018209,-78.4884675,38.0430255,-1
2208253,5586585,8,7,239400,5400,64858,-78.47574,38.01872,-1
2208253,5586585,10,1,245700,27900,1018209,-78.4884675,38.0430255,-1
2208253,5586585,11,1,273600,14400,1018209,-78.4884675,38.0430255,-1
2208253,5586585,13,3,288300,5100,20295,-78.44335,38.12735,-1
2208253,5586585,15,1,294300,1800,1018209,-78.4884675,38.0430255,-1
2208253,5586585,1,3,297000,5400,73494,-78.48682,38.08343,-1
2208253,5586585,3,1,303300,2700,1018209,-78.4884675,38.0430255,-1
2208253,5586585,5,3,306900,5400,4268,-78.46652,38.09852,-1
2208253,5586585,7,1,313200,11700,1018209,-78.4884675,38.0430255,-1
2208253,5586585,9,7,325800,5400,64858,-78.47574,38.01872,-1
2208253,5586585,11,1,332100,27900,1018209,-78.4884675,38.0430255,-1
2208253,5586585,12,3,360000,10500,25738,-78.44571,38.12523,-1
2208253,5586585,14,2,372000,30300,82246,-78.41492,38.15753,-1
2208253,5586585,0,4,404400,4200,94144,-78.48789,38.06238,-1
2208253,5586585,2,4,409500,1800,88322,-78.50065,38.06228,-1
2208253,5586585,4,3,411900,10200,76430,-78.50011,38.05457,-1
2208253,5586585,6,4,422700,900,107194,-78.48829,38.07243,-1
2208253,5586585,8,1,424500,21900,1018209,-78.4884675,38.0430255,-1
2208253,5586585,9,1,446400,15600,1018209,-78.4884675,38.0430255,-1
2208253,5586585,11,1,462360,21240,1018209,-78.4884675,38.0430255,-1
2208253,5586585,13,4,484800,900,81115,-78.6746,38.07029,-1
2208253,5586585,15,1,486300,3180,1018209,-78.4884675,38.0430255,-1
2208253,5586585,1,1,489900,4200,1018209,-78.4884675,38.0430255,-1
2208253,5586585,3,3,494280,360,67867,-78.49051,38.00957,-1
2208253,5586585,5,4,496500,15300,122200,-78.48668,38.07361,-1
2208253,5586585,7,1,513900,18900,1018209,-78.4884675,38.0430255,-1
2208253,5586585,8,1,532800,12600,1018209,-78.4884675,38.0430255,-1
2208253,5586585,10,1,546600,15000,1018209,-78.4884675,38.0430255,-1
2208253,5586585,12,1,577800,27000,1018209,-78.4884675,38.0430255,-1
2208253,5586586,0,4,0,48600,131227,-78.51094,38.03202,-1
2208253,5586586,2,4,49500,4500,127625,-78.54246,38.04481,-1
2208253,5586586,4,3,55800,1800,33038,-78.66151,38.11799,-1
2208253,5586586,6,3,58500,1800,36805,-78.47881,38.07779,-1
2208253,5586586,8,4,61200,900,93854,-78.48574,38.06881,-1
2208253,5586586,10,1,62400,38400,1018209,-78.4884675,38.0430255,-1
2208253,5586586,11,1,100800,18000,1018209,-78.4884675,38.0430255,-1
2208253,5586586,13,3,119100,1800,33130,-78.74722,38.06722,-1
2208253,5586586,15,1,121200,5700,1018209,-78.4884675,38.0430255,-1
2208253,5586586,1,4,127800,300,135777,-78.45264,38.03023,-1
2208253,5586586,3,4,128700,4500,118560,-78.51548,38.06175,-1
2208253,5586586,5,4,133800,300,98553,-78.48551,38.03337,-1
2208253,5586586,7,1,135000,52200,1018209,-78.4884675,38.0430255,-1
2208253,5586586,8,1,187200,18000,1018209,-78.4884675,38.0430255,-1
2208253,5586586,10,3,205500,1800,31943,-78.49896,38.0092,-1
2208253,5586586,12,1,207600,5700,1018209,-78.4884675,38.0430255,-1
2208253,5586586,14,4,214200,300,95227,-78.50733,38.07624,-1
2208253,5586586,0,4,215100,4500,85740,-78.51008,38.059,-1
2208253,5586586,2,4,220200,300,117300,-78.44111,38.02085,-1
2208253,5586586,4,1,221400,52200,1018209,-78.4884675,38.0430255,-1
2208253,5586586,5,1,273600,18000,1018209,-78.4884675,38.0430255,-1
2208253,5586586,7,3,291900,1800,22324,-78.47231,38.0791,-1
2208253,5586586,9,1,294000,5700,1018209,-78.4884675,38.0430255,-1
2208253,5586586,11,4,300600,300,82341,-78.48679,38.03701,-1
2208253,5586586,13,4,301500,4500,86539,-78.52489,38.04986,-1
2208253,5586586,15,4,306600,300,106920,-78.4197,38.12169,-1
2208253,5586586,1,1,307800,52200,1018209,-78.4884675,38.0430255,-1
2208253,5586586,2,1,360000,14400,1018209,-78.4884675,38.0430255,-1
2208253,5586586,4,4,375600,900,123172,-78.49683,37.99686,-1
2208253,5586586,6,1,377400,31200,1018209,-78.4884675,38.0430255,-1
2208253,5586586,8,4,409500,1800,105075,-78.46287,38.02182,-1
2208253,5586586,10,3,411900,10200,74647,-78.49252,38.03213,-1
2208253,5586586,12,4,422700,900,133931,-78.51428,38.05609,-1
2208253,5586586,14,1,424500,21900,1018209,-78.4884675,38.0430255,-1
2208253,5586586,15,1,446400,15600,1018209,-78.4884675,38.0430255,-1
2208253,5586586,1,1,462360,27120,1018209,-78.4884675,38.0430255,-1
2208253,5586586,3,1,489900,4200,1018209,-78.4884675,38.0430255,-1
2208253,5586586,5,3,494280,360,9595,-78.47447,38.08648,-1
2208253,5586586,7,4,496500,15300,101395,-78.46668,38.09861,-1
2208253,5586586,9,1,513900,18900,1018209,-78.4884675,38.0430255,-1
2208253,5586586,10,4,532800,15300,85740,-78.51008,38.059,-1
2208253,5586586,12,4,551700,53100,124433,-78.4811,38.06913,-1
2208254,5586587,0,1,0,25380,1044638,-78.49022509,38.04451074,-1
2208254,5586587,2,2,25920,480,87335,-78.49984,38.03257,-1
2208254,5586587,4,2,26820,14280,87335,-78.49984,38.03257,-1
2208254,5586587,6,1,41400,2700,1044638,-78.49022509,38.04451074,-1
2208254,5586587,8,4,44700,1200,115311,-78.47801,38.03097,-1
2208254,5586587,10,2,46740,18060,87335,-78.49984,38.03257,-1
2208254,5586587,12,1,65400,3600,1044638,-78.49022509,38.04451074,-1
2208254,5586587,14,4,69900,5700,94394,-78.48828,38.03705,-1
2208254,5586587,0,1,76500,24300,1044638,-78.49022509,38.04451074,-1
2208254,5586587,1,1,100800,11400,1044638,-78.49022509,38.04451074,-1
2208254,5586587,3,2,114300,48720,87335,-78.49984,38.03257,-1
2208254,5586587,5,1,164820,22380,1044638,-78.49022509,38.04451074,-1
2208254,5586587,6,1,187200,11400,1044638,-78.49022509,38.04451074,-1
2208254,5586587,8,2,200700,48720,87335,-78.49984,38.03257,-1
2208254,5586587,10,1,251220,22380,1044638,-78.49022509,38.04451074,-1
2208254,5586587,11,1,273600,11400,1044638,-78.49022509,38.04451074,-1
2208254,5586587,13,2,287100,48720,87335,-78.49984,38.03257,-1
2208254,5586587,15,1,337620,22380,1044638,-78.49022509,38.04451074,-1
2208254,5586587,0,1,360000,9000,1044638,-78.49022509,38.04451074,-1
2208254,5586587,2,2,370800,32400,87335,-78.49984,38.03257,-1
2208254,5586587,4,1,405900,40500,1044638,-78.49022509,38.04451074,-1
2208254,5586587,5,4,446400,36000,99412,-78.47853,38.03077,-1
2208254,5586587,7,4,489000,6900,94144,-78.48789,38.06238,-1
2208254,5586587,9,4,498000,34800,93955,-78.50124,38.01353,-1
2208254,5586587,10,1,532800,18900,1044638,-78.49022509,38.04451074,-1
2208254,5586587,12,7,552000,7200,9340,-78.47407,38.0388,-1
2208254,5586587,14,3,559500,3480,58339,-78.4594,38.03496,-1
2208254,5586587,0,1,563340,41460,1044638,-78.49022509,38.04451074,-1
2208254,5586588,0,1,0,30300,1044638,-78.49022509,38.04451074,-1
2208254,5586588,2,4,33000,17400,85823,-78.63028,38.04543,-1
2208254,5586588,4,4,51600,600,124791,-78.47944,38.03274,-1
2208254,5586588,6,1,52500,48300,1044638,-78.49022509,38.04451074,-1
2208254,5586588,7,1,100800,16200,1044638,-78.49022509,38.04451074,-1
2208254,5586588,9,4,117600,8400,85032,-78.45262,38.08893,-1
2208254,5586588,11,1,126600,60600,1044638,-78.49022509,38.04451074,-1
2208254,5586588,12,1,187200,16200,1044638,-78.49022509,38.04451074,-1
2208254,5586588,14,4,204000,8400,91203,-78.50246,38.03071,-1
2208254,5586588,0,1,213000,60600,1044638,-78.49022509,38.04451074,-1
2208254,5586588,1,1,273600,16200,1044638,-78.49022509,38.04451074,-1
2208254,5586588,3,4,290400,8400,134340,-78.47932,38.05538,-1
2208254,5586588,5,1,299400,60600,1044638,-78.49022509,38.04451074,-1
2208254,5586588,6,1,360000,20100,1044638,-78.49022509,38.04451074,-1
2208254,5586588,8,4,381600,5400,105075,-78.46287,38.02182,-1
2208254,5586588,10,4,387900,3000,135001,-78.49547,38.05562,-1
2208254,5586588,12,1,392100,54300,1044638,-78.49022509,38.04451074,-1
2208254,5586588,13,4,446400,36000,135768,-78.67542,38.06884,-1
2208254,5586588,15,4,489000,6900,125100,-78.50506,38.05025,-1
2208254,5586588,1,4,498000,34800,127327,-78.45339,38.03101,-1
2208254,5586588,2,1,532800,18900,1044638,-78.49022509,38.04451074,-1
2208254,5586588,4,7,552000,7200,62930,-78.47622,38.02299,-1
2208254,5586588,6,3,559500,3480,51222,-78.47447,38.08648,-1
2208254,5586588,8,1,563340,41460,1044638,-78.49022509,38.04451074,-1
2208255,5586589,0,1,0,27000,1044639,-78.49140493,38.0448887,-1
2208255,5586589,2,2,27900,39600,82229,-78.4936,38.00596,-1
2208255,5586589,4,6,68400,7320,77571,-78.503428,38.035665,-1
2208255,5586589,6,1,76680,24120,1044639,-78.49140493,38.0448887,-1
2208255,5586589,7,1,100800,8100,1044639,-78.49140493,38.0448887,-1
2208255,5586589,9,2,111300,41100,82229,-78.4936,38.00596,-1
2208255,5586589,11,1,155700,31500,1044639,-78.49140493,38.0448887,-1
2208255,5586589,12,1,187200,8100,1044639,-78.49140493,38.0448887,-1
2208255,5586589,14,2,197700,41100,82229,-78.4936,38.00596,-1
2208255,5586589,0,1,242100,31500,1044639,-78.49140493,38.0448887,-1
2208255,5586589,1,1,273600,8100,1044639,-78.49140493,38.0448887,-1
2208255,5586589,3,2,284100,41100,82229,-78.4936,38.00596,-1
2208255,5586589,5,1,328500,31500,1044639,-78.49140493,38.0448887,-1
2208255,5586589,6,1,360000,15300,1044639,-78.49140493,38.0448887,-1
2208255,5586589,8,4,376080,420,131175,-78.43911,38.14884,-1
2208255,5586589,10,4,376920,780,115004,-78.46929,38.02709,-1
2208255,5586589,12,1,378900,1500,1044639,-78.49140493,38.0448887,-1
2208255,5586589,14,3,381600,5520,71312,-78.45706,38.03143,-1
2208255,5586589,0,4,387300,600,110001,-78.44051,38.02277,-1
2208255,5586589,2,1,389880,16020,1044639,-78.49140493,38.0448887,-1
2208255,5586589,4,4,407400,300,115015,-78.48761,38.06832,-1
2208255,5586589,6,1,408480,3720,1044639,-78.49140493,38.0448887,-1
2208255,5586589,8,4,413160,2580,124433,-78.4811,38.06913,-1
2208255,5586589,10,1,416820,29580,1044639,-78.49140493,38.0448887,-1
2208255,5586589,11,1,446400,32400,1044639,-78.49140493,38.0448887,-1
2208255,5586589,13,3,480600,2700,51130,-78.47528,38.07906,-1
2208255,5586589,15,1,485100,9000,1044639,-78.49140493,38.0448887,-1
2208255,5586589,1,4,495300,600,131152,-78.51105,38.03195,-1
2208255,5586589,3,1,497100,35700,1044639,-78.49140493,38.0448887,-1
2208255,5586589,4,1,532800,7200,1044639,-78.49140493,38.0448887,-1
2208255,5586589,6,2,541320,44580,82229,-78.4936,38.00596,-1
2208255,5586589,8,3,586140,300,68657,-78.46485,38.03086,-1
2208255,5586589,10,1,587160,17640,1044639,-78.49140493,38.0448887,-1
2208256,5586590,0,1,0,14400,1071033,-78.489714,38.042262,-1
2208256,5586590,2,4,14520,86280,134459,-78.48405,38.05845,-1
2208256,5586590,3,1,100800,15900,1071033,-78.489714,38.042262,-1
2208256,5586590,5,3,118800,300,70630,-78.47887,38.04106,-1
2208256,5586590,7,2,119400,12000,85413,-78.47944,38.03274,-1
2208256,5586590,9,4,132000,1800,101402,-78.4838,38.02668,-1
2208256,5586590,11,3,134100,900,56463,-78.46674,38.02609,-1
2208256,5586590,13,3,135300,600,42215,-78.50274,38.05636,-1
2208256,5586590,15,2,136200,8400,85413,-78.47944,38.03274,-1
2208256,5586590,1,4,146700,600,91203,-78.50246,38.03071,-1
2208256,5586590,3,1,148200,39000,1071033,-78.489714,38.042262,-1
2208256,5586590,4,1,187200,15900,1071033,-78.489714,38.042262,-1
2208256,5586590,6,3,205200,300,2873,-78.47906,38.03,-1
2208256,5586590,8,2,205800,12000,85413,-78.47944,38.03274,-1
2208256,5586590,10,4,218400,1800,127361,-78.49865,38.03986,-1
2208256,5586590,12,3,220500,900,18453,-78.48717,38.03681,-1
2208256,5586590,14,3,221700,600,54452,-78.47801,38.02967,-1
2208256,5586590,0,2,222600,8400,85413,-78.47944,38.03274,-1
2208256,5586590,2,4,233100,600,83701,-78.48278,38.02743,-1
2208256,5586590,4,1,234600,39000,1071033,-78.489714,38.042262,-1
2208256,5586590,5,1,273600,15900,1071033,-78.489714,38.042262,-1
2208256,5586590,7,3,291600,300,8418,-78.49056,38.02703,-1
2208256,5586590,9,2,292200,12000,85413,-78.47944,38.03274,-1
2208256,5586590,11,4,304800,1800,133613,-78.49711,38.03127,-1
2208256,5586590,13,3,306900,900,51689,-78.49297,38.03218,-1
2208256,5586590,15,3,308100,600,42192,-78.47427,38.02921,-1
2208256,5586590,1,2,309000,8400,85413,-78.47944,38.03274,-1
2208256,5586590,3,4,319500,600,129331,-78.48399,38.04165,-1
2208256,5586590,5,1,321000,39000,1071033,-78.489714,38.042262,-1
2208256,5586590,6,1,360000,12600,1071033,-78.489714,38.042262,-1
2208256,5586590,8,2,373800,33960,85413,-78.47944,38.03274,-1
2208256,5586590,10,4,408960,1440,100662,-78.48808,38.05895,-1
2208256,5586590,12,1,411600,34800,1071033,-78.489714,38.042262,-1
2208256,5586590,13,1,446400,9300,1071033,-78.489714,38.042262,-1
2208256,5586590,15,2,457200,14100,85413,-78.47944,38.03274,-1
2208256,5586590,1,4,471600,7200,90396,-78.48167,38.0284,-1
2208256,5586590,3,2,479400,8400,85413,-78.47944,38.03274,-1
2208256,5586590,5,1,489600,3600,1071033,-78.489714,38.042262,-1
2208256,5586590,7,3,495000,3600,21619,-78.47884,38.03081,-1
2208256,5586590,9,1,500400,32400,1071033,-78.489714,38.042262,-1
2208256,5586590,10,1,532800,50100,1071033,-78.489714,38.042262,-1
2208256,5586590,12,7,583200,3000,64508,-78.51507,38.0378,-1
2208256,5586590,14,3,586800,900,451,-78.50203,38.05198,-1
2208256,5586590,0,4,588300,600,132246,-78.49782,38.05443,-1
2208256,5586590,2,1,589500,15300,1071033,-78.489714,38.042262,-1
2208257,5586591,0,1,0,26100,1071096,-78.4825855,38.044958,-1
2208257,5586591,2,2,28200,16800,130717,-78.47508,38.07412,-1
2208257,5586591,4,2,46800,12600,130717,-78.47508,38.07412,-1
2208257,5586591,6,1,61200,39600,1071096,-78.4825855,38.044958,-1
2208257,5586591,7,1,100800,25980,1071096,-78.4825855,38.044958,-1
2208257,5586591,9,3,130200,3900,50398,-78.45142,38.0338,-1
2208257,5586591,11,3,135600,6300,56558,-78.46621,38.06691,-1
2208257,5586591,13,1,144900,42300,1071096,-78.4825855,38.044958,-1
2208257,5586591,14,1,187200,25980,1071096,-78.4825855,38.044958,-1
2208257,5586591,0,3,216600,3900,31929,-78.47987,38.07666,-1
2208257,5586591,2,3,222000,6300,14864,-78.47816,38.07941,-1
2208257,5586591,4,1,231300,42300,1071096,-78.4825855,38.044958,-1
2208257,5586591,5,1,273600,25980,1071096,-78.4825855,38.044958,-1
2208257,5586591,7,3,303000,3900,39044,-78.4416,38.12882,-1
2208257,5586591,9,3,308400,6300,6031,-78.49932,38.00355,-1
2208257,5586591,11,1,317700,42300,1071096,-78.4825855,38.044958,-1
2208257,5586591,12,1,360000,12600,1071096,-78.4825855,38.044958,-1
2208257,5586591,14,4,373200,900,133554,-78.49711,38.03127,-1
2208257,5586591,0,2,374400,35100,130717,-78.47508,38.07412,-1
2208257,5586591,2,4,410400,300,81519,-78.46926,38.03188,-1
2208257,5586591,4,1,411600,34800,1071096,-78.4825855,38.044958,-1
2208257,5586591,5,1,446400,13800,1071096,-78.4825855,38.044958,-1
2208257,5586591,7,4,461700,7200,134459,-78.48405,38.05845,-1
2208257,5586591,9,3,469200,2400,18977,-78.48054,38.03052,-1
2208257,5586591,11,1,473400,22800,1071096,-78.4825855,38.044958,-1
2208257,5586591,13,4,496800,5400,127625,-78.54246,38.04481,-1
2208257,5586591,15,1,502800,30000,1071096,-78.4825855,38.044958,-1
2208257,5586591,0,1,532800,72000,1071096,-78.4825855,38.044958,-1
2208257,5586592,0,1,0,26100,1071096,-78.4825855,38.044958,-1
2208257,5586592,2,2,28200,16800,115374,-78.47733,38.02886,-1
2208257,5586592,4,2,46800,12600,115374,-78.47733,38.02886,-1
2208257,5586592,6,1,61200,39600,1071096,-78.4825855,38.044958,-1
2208257,5586592,7,1,100800,25980,1071096,-78.4825855,38.044958,-1
2208257,5586592,9,3,130200,3900,11304,-78.48334,38.02406,-1
2208257,5586592,11,3,135600,6300,5814,-78.48842,38.06352,-1
2208257,5586592,13,1,144900,42300,1071096,-78.4825855,38.044958,-1
2208257,5586592,14,1,187200,25980,1071096,-78.4825855,38.044958,-1
2208257,5586592,0,3,216600,3900,76429,-78.49977,38.05375,-1
2208257,5586592,2,3,222000,6300,16446,-78.49929,38.03455,-1
2208257,5586592,4,1,231300,42300,1071096,-78.4825855,38.044958,-1
2208257,5586592,5,1,273600,25980,1071096,-78.4825855,38.044958,-1
2208257,5586592,7,3,303000,3900,76430,-78.50011,38.05457,-1
2208257,5586592,9,3,308400,6300,450,-78.50269,38.05147,-1
2208257,5586592,11,1,317700,42300,1071096,-78.4825855,38.044958,-1
2208257,5586592,12,1,360000,12600,1071096,-78.4825855,38.044958,-1
2208257,5586592,14,4,373200,900,82889,-78.47261,38.0593,-1
2208257,5586592,0,2,374400,35100,115374,-78.47733,38.02886,-1
2208257,5586592,2,4,410400,300,107156,-78.47853,38.03077,-1
2208257,5586592,4,1,411600,34800,1071096,-78.4825855,38.044958,-1
2208257,5586592,5,1,446400,13800,1071096,-78.4825855,38.044958,-1
2208257,5586592,7,4,461700,7200,126663,-78.48455,38.03602,-1
2208257,5586592,9,3,469200,2400,52618,-78.48587,38.03509,-1
2208257,5586592,11,1,473400,22800,1071096,-78.4825855,38.044958,-1
2208257,5586592,13,4,496800,5400,94936,-78.48334,38.02781,-1
2208257,5586592,15,1,502800,30000,1071096,-78.4825855,38.044958,-1
2208257,5586592,0,1,532800,72000,1071096,-78.4825855,38.044958,-1
2208257,5586593,0,4,0,14400,101402,-78.4838,38.02668,-1
2208257,5586593,2,1,14520,11280,1071096,-78.4825855,38.044958,-1
2208257,5586593,4,2,27900,17100,86584,-78.51583,38.06964,-1
2208257,5586593,6,4,45120,1590,129229,-78.46613,38.0773,-1
2208257,5586593,8,2,46830,12570,86584,-78.51583,38.06964,-1
2208257,5586593,10,1,61800,39000,1071096,-78.4825855,38.044958,-1
2208257,5586593,11,1,100800,25980,1071096,-78.4825855,38.044958,-1
2208257,5586593,13,3,130200,3900,67868,-78.48729,38.0638,-1
2208257,5586593,15,3,135600,6300,450,-78.50269,38.05147,-1
2208257,5586593,1,1,144900,42300,1071096,-78.4825855,38.044958,-1
2208257,5586593,2,1,187200,25980,1071096,-78.4825855,38.044958,-1
2208257,5586593,4,3,216600,3900,7197,-78.49395,38.02866,-1
2208257,5586593,6,3,222000,6300,76065,-78.48157,38.03054,-1
2208257,5586593,8,1,231300,42300,1071096,-78.4825855,38.044958,-1
2208257,5586593,9,1,273600,25980,1071096,-78.4825855,38.044958,-1
2208257,5586593,11,3,303000,3900,35546,-78.48333,38.02406,-1
2208257,5586593,13,3,308400,6300,76978,-78.48476,38.06989,-1
2208257,5586593,15,1,317700,42300,1071096,-78.4825855,38.044958,-1
2208257,5586593,0,1,360000,10800,1071096,-78.4825855,38.044958,-1
2208257,5586593,2,5,372000,16800,77678,-78.48276,38.040712,-1
2208257,5586593,4,2,390000,14100,86584,-78.51583,38.06964,-1
2208257,5586593,6,1,408000,38400,1071096,-78.4825855,38.044958,-1
2208257,5586593,7,1,446400,13800,1071096,-78.4825855,38.044958,-1
2208257,5586593,9,4,461700,7200,99680,-78.47915,38.08293,-1
2208257,5586593,11,3,469200,2400,38554,-78.46871,38.02691,-1
2208257,5586593,13,1,473400,22800,1071096,-78.4825855,38.044958,-1
2208257,5586593,15,4,496800,5400,102134,-78.50067,38.03445,-1
2208257,5586593,1,1,502800,30000,1071096,-78.4825855,38.044958,-1
2208257,5586593,2,4,532800,72000,99393,-78.49328,38.06409,-1
2208258,5586594,0,1,0,23100,1097353,-78.491896,38.04401,-1
2208258,5586594,2,2,25500,26460,85055,-78.48167,38.0284,-1
2208258,5586594,4,1,53460,47340,1097353,-78.491896,38.04401,-1
2208258,5586594,5,1,100800,16800,1097353,-78.491896,38.04401,-1
2208258,5586594,7,2,120300,25500,85055,-78.48167,38.0284,-1
2208258,5586594,9,1,149160,38040,1097353,-78.491896,38.04401,-1
2208258,5586594,10,1,187200,16800,1097353,-78.491896,38.04401,-1
2208258,5586594,12,2,206700,25500,85055,-78.48167,38.0284,-1
2208258,5586594,14,1,235560,38040,1097353,-78.491896,38.04401,-1
2208258,5586594,15,1,273600,16800,1097353,-78.491896,38.04401,-1
2208258,5586594,1,2,293100,25500,85055,-78.48167,38.0284,-1
2208258,5586594,3,1,321960,38040,1097353,-78.491896,38.04401,-1
2208258,5586594,4,1,360000,11400,1097353,-78.491896,38.04401,-1
2208258,5586594,6,2,374700,36000,85055,-78.48167,38.0284,-1
2208258,5586594,8,1,412800,33600,1097353,-78.491896,38.04401,-1
2208258,5586594,9,1,446400,18900,1097353,-78.491896,38.04401,-1
2208258,5586594,11,4,465600,4200,85494,-78.49984,38.03257,-1
2208258,5586594,13,4,472500,300,88702,-78.47096,38.03225,-1
2208258,5586594,15,3,473400,600,23261,-78.49669,38.03302,-1
2208258,5586594,1,3,474600,1500,18558,-78.50105,38.05107,-1
2208258,5586594,3,1,477000,9900,1097353,-78.491896,38.04401,-1
2208258,5586594,5,4,488700,2700,96408,-78.47989,38.04047,-1
2208258,5586594,7,1,492300,1800,1097353,-78.491896,38.04401,-1
2208258,5586594,9,3,494400,2400,35546,-78.48333,38.02406,-1
2208258,5586594,11,1,497400,35400,1097353,-78.491896,38.04401,-1
2208258,5586594,12,4,532800,17100,127698,-78.49598,38.03285,-1
2208258,5586594,14,4,550800,34200,134340,-78.47932,38.05538,-1
2208258,5586594,0,1,585900,18900,1097353,-78.491896,38.04401,-1
2208258,5586595,0,1,0,23100,1097353,-78.491896,38.04401,-1
2208258,5586595,2,2,25500,26460,134337,-78.47157,38.08203,-1
2208258,5586595,4,1,53460,47340,1097353,-78.491896,38.04401,-1
2208258,5586595,5,1,100800,16800,1097353,-78.491896,38.04401,-1
2208258,5586595,7,2,120300,25500,134337,-78.47157,38.08203,-1
2208258,5586595,9,1,149160,38040,1097353,-78.491896,38.04401,-1
2208258,5586595,10,1,187200,16800,1097353,-78.491896,38.04401,-1
2208258,5586595,12,2,206700,25500,134337,-78.47157,38.08203,-1
2208258,5586595,14,1,235560,38040,1097353,-78.491896,38.04401,-1
2208258,5586595,15,1,273600,16800,1097353,-78.491896,38.04401,-1
2208258,5586595,1,2,293100,25500,134337,-78.47157,38.08203,-1
2208258,5586595,3,1,321960,38040,1097353,-78.491896,38.04401,-1
2208258,5586595,4,1,360000,11400,1097353,-78.491896,38.04401,-1
2208258,5586595,6,2,374700,36000,134337,-78.47157,38.08203,-1
2208258,5586595,8,1,412800,33600,1097353,-78.491896,38.04401,-1
2208258,5586595,9,1,446400,18900,1097353,-78.491896,38.04401,-1
2208258,5586595,11,4,465600,5100,106408,-78.47118,38.08615,-1
2208258,5586595,13,4,472500,300,122230,-78.47365,38.08731,-1
2208258,5586595,15,3,473400,600,5624,-78.46652,38.09852,-1
2208258,5586595,1,3,474600,1500,68139,-78.48416,38.07212,-1
2208258,5586595,3,1,477000,9900,1097353,-78.491896,38.04401,-1
2208258,5586595,5,4,488700,2700,100900,-78.47573,38.15023,-1
2208258,5586595,7,1,492300,1800,1097353,-78.491896,38.04401,-1
2208258,5586595,9,3,494400,2400,5782,-78.44937,38.03332,-1
2208258,5586595,11,1,497400,35400,1097353,-78.491896,38.04401,-1
2208258,5586595,12,4,532800,17100,81500,-78.50044,38.03439,-1
2208258,5586595,14,4,550800,34200,86363,-78.45843,38.03194,-1
2208258,5586595,0,1,585900,18900,1097353,-78.491896,38.04401,-1
2208259,5586596,0,1,0,25200,1097354,-78.4928645,38.0456025,-1
2208259,5586596,2,4,33600,6900,108330,-78.48365,38.02381,-1
2208259,5586596,4,1,49500,51300,1097354,-78.4928645,38.0456025,-1
2208259,5586596,5,1,100800,53340,1097354,-78.4928645,38.0456025,-1
2208259,5586596,7,4,158400,28800,134340,-78.47932,38.05538,-1
2208259,5586596,8,1,187200,53340,1097354,-78.4928645,38.0456025,-1
2208259,5586596,10,4,244800,28800,100489,-78.47703,38.03171,-1
2208259,5586596,11,1,273600,53340,1097354,-78.4928645,38.0456025,-1
2208259,5586596,13,4,331200,28800,122675,-78.47944,38.03274,-1
2208259,5586596,14,1,360000,37800,1097354,-78.4928645,38.0456025,-1
2208259,5586596,0,2,399000,25800,95526,-78.4823,38.03811,-1
2208259,5586596,2,4,426000,20400,84926,-78.471,38.0321,-1
2208259,5586596,3,4,446400,86400,129615,-78.47868,38.02949,-1
2208259,5586596,4,1,532800,22500,1097354,-78.4928645,38.0456025,-1
2208259,5586596,6,3,556200,300,76432,-78.50087,38.03531,-1
2208259,5586596,8,3,557100,2700,23261,-78.49669,38.03302,-1
2208259,5586596,10,3,560400,3000,18977,-78.48054,38.03052,-1
2208259,5586596,12,1,564300,40500,1097354,-78.4928645,38.0456025,-1
2208259,5586597,0,1,0,25200,1097354,-78.4928645,38.0456025,-1
2208259,5586597,2,4,33600,6900,125756,-78.47317,38.02261,-1
2208259,5586597,4,1,49500,51300,1097354,-78.4928645,38.0456025,-1
2208259,5586597,5,1,100800,53340,1097354,-78.4928645,38.0456025,-1
2208259,5586597,7,4,158400,28800,124791,-78.47944,38.03274,-1
2208259,5586597,8,1,187200,53340,1097354,-78.4928645,38.0456025,-1
2208259,5586597,10,4,244800,28800,18189,-78.48254,38.03113,-1
2208259,5586597,11,1,273600,53340,1097354,-78.4928645,38.0456025,-1
2208259,5586597,13,4,331200,28800,91203,-78.50246,38.03071,-1
2208259,5586597,14,1,360000,37800,1097354,-78.4928645,38.0456025,-1
2208259,5586597,0,2,399000,25800,96592,-78.47187,38.02895,-1
2208259,5586597,2,4,426000,20400,115004,-78.46929,38.02709,-1
2208259,5586597,3,4,446400,86400,125022,-78.49711,38.03127,-1
2208259,5586597,4,1,532800,22500,1097354,-78.4928645,38.0456025,-1
2208259,5586597,6,3,556200,300,70436,-78.47834,38.03022,-1
2208259,5586597,8,3,557100,2700,58309,-78.48048,38.03046,-1
2208259,5586597,10,3,560400,3000,18454,-78.48075,38.03041,-1
2208259,5586597,12,1,564300,40500,1097354,-78.4928645,38.0456025,-1
2208260,5586598,0,4,0,14400,102049,-78.47213,38.02967,-1
2208260,5586598,2,1,14520,26280,1123470,-78.48928732,38.04412872,-1
2208260,5586598,4,3,41220,1680,36256,-78.47883,38.02992,-1
2208260,5586598,6,3,43260,2040,34984,-78.50426,38.0492,-1
2208260,5586598,8,1,45720,55080,1123470,-78.48928732,38.04412872,-1
2208260,5586598,9,1,100800,14100,1123470,-78.48928732,38.04412872,-1
2208260,5586598,11,2,116160,15840,100489,-78.47703,38.03171,-1
2208260,5586598,13,4,132300,1800,105075,-78.46287,38.02182,-1
2208260,5586598,15,4,134220,780,94936,-78.48334,38.02781,-1
2208260,5586598,1,2,135300,15420,100489,-78.47703,38.03171,-1
2208260,5586598,3,1,151800,35400,1123470,-78.48928732,38.04412872,-1
2208260,5586598,4,1,187200,14100,1123470,-78.48928732,38.04412872,-1
2208260,5586598,6,2,202560,15840,100489,-78.47703,38.03171,-1
2208260,5586598,8,4,218700,1800,125022,-78.49711,38.03127,-1
2208260,5586598,10,4,220620,780,134459,-78.48405,38.05845,-1
2208260,5586598,12,2,221700,15420,100489,-78.47703,38.03171,-1
2208260,5586598,14,1,238200,35400,1123470,-78.48928732,38.04412872,-1
2208260,5586598,15,1,273600,14100,1123470,-78.48928732,38.04412872,-1
2208260,5586598,1,2,288960,15840,100489,-78.47703,38.03171,-1
2208260,5586598,3,4,305100,1800,115365,-78.48817,38.03662,-1
2208260,5586598,5,4,307020,780,93211,-78.49719,38.0253,-1
2208260,5586598,7,2,308100,15420,100489,-78.47703,38.03171,-1
2208260,5586598,9,1,324600,35400,1123470,-78.48928732,38.04412872,-1
2208260,5586598,10,1,360000,11700,1123470,-78.48928732,38.04412872,-1
2208260,5586598,12,3,371880,1620,74336,-78.49852,38.05215,-1
2208260,5586598,14,2,373800,15000,100489,-78.47703,38.03171,-1
2208260,5586598,0,1,389280,2520,1123470,-78.48928732,38.04412872,-1
2208260,5586598,2,2,392220,12000,100489,-78.47703,38.03171,-1
2208260,5586598,4,1,404700,41700,1123470,-78.48928732,38.04412872,-1
2208260,5586598,5,1,446400,28800,1123470,-78.48928732,38.04412872,-1
2208260,5586598,7,3,475800,2700,448,-78.50449,38.04934,-1
2208260,5586598,9,4,478800,7200,133613,-78.49711,38.03127,-1
2208260,5586598,11,1,486900,45900,1123470,-78.48928732,38.04412872,-1
2208260,5586598,12,4,532800,18000,134710,-78.51817,38.01341,-1
2208260,5586598,14,7,554700,4200,64109,-78.47853,38.041,-1
2208260,5586598,0,4,560100,600,130369,-78.50059,38.03104,-1
2208260,5586598,2,4,562500,7140,132246,-78.49782,38.05443,-1
2208260,5586598,4,4,570600,18480,98553,-78.48551,38.03337,-1
2208260,5586598,6,4,589230,300,87780,-78.49908,38.03503,-1
2208260,5586598,8,4,589800,7800,113301,-78.471,38.0321,-1
2208260,5586598,10,4,599400,1320,125543,-78.47769,38.02961,-1
2208260,5586598,12,4,602520,2280,132080,-78.48609,38.03051,-1
2208260,5586599,0,1,0,34200,1123470,-78.48928732,38.04412872,-1
2208260,5586599,2,4,35520,3780,132629,-78.48398,38.04294,-1
2208260,5586599,4,4,40440,420,128714,-78.48513,38.07398,-1
2208260,5586599,6,1,41940,6780,1123470,-78.48928732,38.04412872,-1
2208260,5586599,8,2,49800,29400,123682,-78.49323,37.79876,-1
2208260,5586599,10,1,80280,20520,1123470,-78.48928732,38.04412872,-1
2208260,5586599,11,1,100800,14100,1123470,-78.48928732,38.04412872,-1
2208260,5586599,13,2,116160,15840,123682,-78.49323,37.79876,-1
2208260,5586599,15,4,132300,1800,123038,-78.49478,38.06983,-1
2208260,5586599,1,4,134220,780,135768,-78.67542,38.06884,-1
2208260,5586599,3,2,135300,15420,123682,-78.49323,37.79876,-1
2208260,5586599,5,1,151800,35400,1123470,-78.48928732,38.04412872,-1
2208260,5586599,6,1,187200,14100,1123470,-78.48928732,38.04412872,-1
2208260,5586599,8,2,202560,15840,123682,-78.49323,37.79876,-1
2208260,5586599,10,4,218700,1800,133931,-78.51428,38.05609,-1
2208260,5586599,12,4,220620,780,133947,-78.47859,38.069,-1
2208260,5586599,14,2,221700,15420,123682,-78.49323,37.79876,-1
2208260,5586599,0,1,238200,35400,1123470,-78.48928732,38.04412872,-1
2208260,5586599,1,1,273600,14100,1123470,-78.48928732,38.04412872,-1
2208260,5586599,3,2,288960,15840,123682,-78.49323,37.79876,-1
2208260,5586599,5,4,305100,1800,130335,-78.50044,38.03439,-1
2208260,5586599,7,4,307020,780,96775,-78.50393,38.07695,-1
2208260,5586599,9,2,308100,15420,123682,-78.49323,37.79876,-1
2208260,5586599,11,1,324600,35400,1123470,-78.48928732,38.04412872,-1
2208260,5586599,12,4,360000,86400,129009,-78.46201,38.06038,-1
2208260,5586599,13,1,446400,28800,1123470,-78.48928732,38.04412872,-1
2208260,5586599,15,3,475800,2700,32485,-78.50032,38.05433,-1
2208260,5586599,1,4,478800,7200,88251,-78.45026,38.02863,-1
2208260,5586599,3,1,486900,45900,1123470,-78.48928732,38.04412872,-1
2208260,5586599,4,1,532800,72000,1123470,-78.48928732,38.04412872,-1
2208260,5586600,0,4,0,14400,85032,-78.45262,38.08893,-1
2208260,5586600,2,1,14520,19680,1123470,-78.48928732,38.04412872,-1
2208260,5586600,4,4,35520,3780,94144,-78.48789,38.06238,-1
2208260,5586600,6,4,40440,420,135768,-78.67542,38.06884,-1
2208260,5586600,8,1,41940,6780,1123470,-78.48928732,38.04412872,-1
2208260,5586600,10,2,49800,29400,33510,-78.50796,38.03611,-1
2208260,5586600,12,1,80280,20520,1123470,-78.48928732,38.04412872,-1
2208260,5586600,13,1,100800,17820,1123470,-78.48928732,38.04412872,-1
2208260,5586600,15,2,120360,8880,33510,-78.50796,38.03611,-1
2208260,5586600,1,4,130080,540,94144,-78.48789,38.06238,-1
2208260,5586600,3,4,130860,1740,82246,-78.41492,38.15753,-1
2208260,5586600,5,4,133020,1020,81539,-78.51725,38.05024,-1
2208260,5586600,7,2,134760,20100,33510,-78.50796,38.03611,-1
2208260,5586600,9,3,155280,1020,67989,-78.5415,38.06212,-1
2208260,5586600,11,3,157740,840,29488,-78.47387,38.08711,-1
2208260,5586600,13,1,159060,28140,1123470,-78.48928732,38.04412872,-1
2208260,5586600,14,1,187200,17820,1123470,-78.48928732,38.04412872,-1
2208260,5586600,0,2,206760,8880,33510,-78.50796,38.03611,-1
2208260,5586600,2,4,216480,540,96775,-78.50393,38.07695,-1
2208260,5586600,4,4,217260,1740,87278,-78.47826,38.08461,-1
2208260,5586600,6,4,219420,1020,86726,-78.49879,38.13916,-1
2208260,5586600,8,2,221160,20100,33510,-78.50796,38.03611,-1
2208260,5586600,10,3,241680,1020,55529,-78.44854,38.03281,-1
2208260,5586600,12,3,244140,840,3250,-78.49679,37.79817,-1
2208260,5586600,14,1,245460,28140,1123470,-78.48928732,38.04412872,-1
2208260,5586600,15,1,273600,17820,1123470,-78.48928732,38.04412872,-1
2208260,5586600,1,2,293160,8880,33510,-78.50796,38.03611,-1
2208260,5586600,3,4,302880,540,115457,-78.69624,38.06901,-1
2208260,5586600,5,4,303660,1740,80282,-78.41845,38.01558,-1
2208260,5586600,7,4,305820,1020,127419,-78.50506,38.05025,-1
2208260,5586600,9,2,307560,20100,33510,-78.50796,38.03611,-1
2208260,5586600,11,3,328080,1020,32906,-78.48855,38.06354,-1
2208260,5586600,13,3,330540,840,35546,-78.48333,38.02406,-1
2208260,5586600,15,1,331860,28140,1123470,-78.48928732,38.04412872,-1
2208260,5586600,0,4,360000,86400,93854,-78.48574,38.06881,-1
2208260,5586600,1,1,446400,28800,1123470,-78.48928732,38.04412872,-1
2208260,5586600,3,3,475800,2700,67989,-78.5415,38.06212,-1
2208260,5586600,5,4,478800,7200,114456,-78.49391,38.0025,-1
2208260,5586600,7,1,486900,45900,1123470,-78.48928732,38.04412872,-1
2208260,5586600,8,4,532800,18000,134366,-78.48797,37.99783,-1
2208260,5586600,10,7,554700,4200,63112,-78.48436,38.03931,-1
2208260,5586600,12,4,560100,600,93547,-78.41773,38.01816,-1
2208260,5586600,14,4,562500,7140,126952,-78.51391,38.05227,-1
2208260,5586600,0,4,570600,18480,87849,-78.67542,38.06884,-1
2208260,5586600,2,4,589230,300,113066,-78.67538,38.06887,-1
2208260,5586600,4,4,589800,7800,112730,-78.67561,38.05162,-1
2208260,5586600,6,4,599400,1320,127914,-78.41492,38.15753,-1
2208260,5586600,8,4,602520,2280,127987,-78.51086,38.05194,-1
2208261,5586601,0,1,0,30600,1123471,-78.4920415,38.044677,-1
2208261,5586601,2,4,32400,10800,127625,-78.54246,38.04481,-1
2208261,5586601,4,3,44400,11400,2956,-78.46652,38.09852,-1
2208261,5586601,6,1,58500,42300,1123471,-78.4920415,38.044677,-1
2208261,5586601,7,1,100800,54300,1123471,-78.4920415,38.044677,-1
2208261,5586601,9,4,155220,3240,106920,-78.4197,38.12169,-1
2208261,5586601,11,1,158760,28440,1123471,-78.4920415,38.044677,-1
2208261,5586601,12,1,187200,54300,1123471,-78.4920415,38.044677,-1
2208261,5586601,14,4,241620,3240,82246,-78.41492,38.15753,-1
2208261,5586601,0,1,245160,28440,1123471,-78.4920415,38.044677,-1
2208261,5586601,1,1,273600,54300,1123471,-78.4920415,38.044677,-1
2208261,5586601,3,4,328020,3240,97748,-78.48104,38.0393,-1
2208261,5586601,5,1,331560,28440,1123471,-78.4920415,38.044677,-1
2208261,5586601,6,1,360000,27300,1123471,-78.4920415,38.044677,-1
2208261,5586601,8,4,387900,600,131152,-78.51105,38.03195,-1
2208261,5586601,10,4,388800,3900,100662,-78.48808,38.05895,-1
2208261,5586601,12,3,393300,6300,34388,-78.50083,38.05459,-1
2208261,5586601,14,3,400200,3000,650,-78.41624,38.01888,-1
2208261,5586601,0,1,403800,42600,1123471,-78.4920415,38.044677,-1
2208261,5586601,1,1,446400,86400,1123471,-78.4920415,38.044677,-1
2208261,5586601,2,1,532800,24300,1123471,-78.4920415,38.044677,-1
2208261,5586601,4,7,557400,4800,34694,-78.50155,38.03609,-1
2208261,5586601,6,1,562800,20400,1123471,-78.4920415,38.044677,-1
2208261,5586601,8,4,583320,1680,135099,-78.50196,38.03209,-1
2208261,5586601,10,1,585120,19680,1123471,-78.4920415,38.044677,-1
2208262,5586602,0,4,0,14400,98105,-78.47752,38.03216,-1
2208262,5586602,2,1,14520,17280,1123473,-78.4893775,38.045587,-1
2208262,5586602,4,4,32220,4980,108330,-78.48365,38.02381,-1
2208262,5586602,6,1,37620,8880,1123473,-78.4893775,38.045587,-1
2208262,5586602,8,4,47700,600,82889,-78.47261,38.0593,-1
2208262,5586602,10,3,48600,1500,7343,-78.48511,38.03117,-1
2208262,5586602,12,4,51000,300,91203,-78.50246,38.03071,-1
2208262,5586602,14,4,52800,4500,132635,-78.49828,38.03447,-1
2208262,5586602,0,3,57600,1200,37529,-78.45748,38.03723,-1
2208262,5586602,2,1,60300,40500,1123473,-78.4893775,38.045587,-1
2208262,5586602,3,1,100800,15900,1123473,-78.4893775,38.045587,-1
2208262,5586602,5,4,117900,16200,91956,-78.47967,38.03478,-1
2208262,5586602,7,4,134400,900,124438,-78.48499,38.03454,-1
2208262,5586602,9,1,135900,51300,1123473,-78.4893775,38.045587,-1
2208262,5586602,10,1,187200,15900,1123473,-78.4893775,38.045587,-1
2208262,5586602,12,4,204300,16200,89094,-78.47026,38.03177,-1
2208262,5586602,14,4,220800,900,135099,-78.50196,38.03209,-1
2208262,5586602,0,1,222300,51300,1123473,-78.4893775,38.045587,-1
2208262,5586602,1,1,273600,15900,1123473,-78.4893775,38.045587,-1
2208262,5586602,3,4,290700,16200,115374,-78.47733,38.02886,-1
2208262,5586602,5,4,307200,900,93876,-78.48059,38.06333,-1
2208262,5586602,7,1,308700,51300,1123473,-78.4893775,38.045587,-1
2208262,5586602,8,1,360000,25200,1123473,-78.4893775,38.045587,-1
2208262,5586602,10,4,386100,3000,127879,-78.51268,38.04326,-1
2208262,5586602,12,1,390000,56400,1123473,-78.4893775,38.045587,-1
2208262,5586602,13,1,446400,18300,1123473,-78.4893775,38.045587,-1
2208262,5586602,15,3,465600,2400,2882,-78.50292,38.05126,-1
2208262,5586602,1,1,484200,48600,1123473,-78.4893775,38.045587,-1
2208262,5586602,2,4,532800,72000,127419,-78.50506,38.05025,-1
2208263,5586603,0,1,0,27300,1123534,-78.48488126,38.04196695,-1
2208263,5586603,2,2,28620,13980,98553,-78.48551,38.03337,-1
2208263,5586603,4,2,43800,2700,98553,-78.48551,38.03337,-1
2208263,5586603,6,2,47700,19200,98553,-78.48551,38.03337,-1
2208263,5586603,8,1,67920,32880,1123534,-78.48488126,38.04196695,-1
2208263,5586603,9,1,100800,15900,1123534,-78.48488126,38.04196695,-1
2208263,5586603,11,2,117000,18480,98553,-78.48551,38.03337,-1
2208263,5586603,13,1,135780,3000,1123534,-78.48488126,38.04196695,-1
2208263,5586603,15,2,139080,10320,98553,-78.48551,38.03337,-1
2208263,5586603,1,1,149700,37500,1123534,-78.48488126,38.04196695,-1
2208263,5586603,2,1,187200,15900,1123534,-78.48488126,38.04196695,-1
2208263,5586603,4,2,203400,18480,98553,-78.48551,38.03337,-1
2208263,5586603,6,1,222180,3000,1123534,-78.48488126,38.04196695,-1
2208263,5586603,8,2,225480,10320,98553,-78.48551,38.03337,-1
2208263,5586603,10,1,236100,37500,1123534,-78.48488126,38.04196695,-1
2208263,5586603,11,1,273600,15900,1123534,-78.48488126,38.04196695,-1
2208263,5586603,13,2,289800,18480,98553,-78.48551,38.03337,-1
2208263,5586603,15,1,308580,3000,1123534,-78.48488126,38.04196695,-1
2208263,5586603,1,2,311880,10320,98553,-78.48551,38.03337,-1
2208263,5586603,3,1,322500,37500,1123534,-78.48488126,38.04196695,-1
2208263,5586603,4,1,360000,10800,1123534,-78.48488126,38.04196695,-1
2208263,5586603,6,2,372900,37500,98553,-78.48551,38.03337,-1
2208263,5586603,8,1,412500,1500,1123534,-78.48488126,38.04196695,-1
2208263,5586603,10,4,414960,2940,85494,-78.49984,38.03257,-1
2208263,5586603,12,1,418800,27600,1123534,-78.48488126,38.04196695,-1
2208263,5586603,13,1,446400,25200,1123534,-78.48488126,38.04196695,-1
2208263,5586603,15,4,472800,9600,98105,-78.47752,38.03216,-1
2208263,5586603,1,1,483600,2400,1123534,-78.48488126,38.04196695,-1
2208263,5586603,3,3,486900,6300,12578,-78.48676,38.03597,-1
2208263,5586603,5,4,494400,6000,95526,-78.4823,38.03811,-1
2208263,5586603,7,1,501600,31200,1123534,-78.48488126,38.04196695,-1
2208263,5586603,8,1,532800,2700,1123534,-78.48488126,38.04196695,-1
2208263,5586603,10,2,538200,44100,98553,-78.48551,38.03337,-1
2208263,5586603,12,1,585000,19800,1123534,-78.48488126,38.04196695,-1
2208263,5586604,0,4,0,14400,105075,-78.46287,38.02182,-1
2208263,5586604,2,1,14520,7080,1123534,-78.48488126,38.04196695,-1
2208263,5586604,4,6,22800,36900,77593,-78.488181,38.063947,-1
2208263,5586604,6,3,61320,1380,76057,-78.47794,38.03099,-1
2208263,5586604,8,1,63120,37680,1123534,-78.48488126,38.04196695,-1
2208263,5586604,9,6,100800,10800,77593,-78.488181,38.063947,-1
2208263,5586604,11,6,115200,4800,77593,-78.488181,38.063947,-1
2208263,5586604,13,6,121500,7200,77593,-78.488181,38.063947,-1
2208263,5586604,15,4,131700,8700,111244,-78.51267,38.04325,-1
2208263,5586604,1,4,142200,1800,102473,-78.47944,38.03274,-1
2208263,5586604,3,1,149400,37800,1123534,-78.48488126,38.04196695,-1
2208263,5586604,4,6,187200,10800,77593,-78.488181,38.063947,-1
2208263,5586604,6,6,201600,4800,77593,-78.488181,38.063947,-1
2208263,5586604,8,6,207900,7200,77593,-78.488181,38.063947,-1
2208263,5586604,10,4,218100,8700,121379,-78.47133,38.02945,-1
2208263,5586604,12,4,228600,1800,134340,-78.47932,38.05538,-1
2208263,5586604,14,1,235800,37800,1123534,-78.48488126,38.04196695,-1
2208263,5586604,15,6,273600,10800,77593,-78.488181,38.063947,-1
2208263,5586604,1,6,288000,4800,77593,-78.488181,38.063947,-1
2208263,5586604,3,6,294300,7200,77593,-78.488181,38.063947,-1
2208263,5586604,5,4,304500,8700,135902,-78.47269,38.0285,-1
2208263,5586604,7,4,315000,1800,125022,-78.49711,38.03127,-1
2208263,5586604,9,1,322200,37800,1123534,-78.48488126,38.04196695,-1
2208263,5586604,10,1,360000,23400,1123534,-78.48488126,38.04196695,-1
2208263,5586604,12,4,384300,900,82997,-78.49984,38.03257,-1
2208263,5586604,14,1,385800,10200,1123534,-78.48488126,38.04196695,-1
2208263,5586604,0,3,397200,2400,11304,-78.48334,38.02406,-1
2208263,5586604,2,3,400200,600,35546,-78.48333,38.02406,-1
2208263,5586604,4,1,402000,12000,1123534,-78.48488126,38.04196695,-1
2208263,5586604,6,4,414960,2940,116559,-78.47109,38.03206,-1
2208263,5586604,8,1,418800,27600,1123534,-78.48488126,38.04196695,-1
2208263,5586604,9,1,446400,25200,1123534,-78.48488126,38.04196695,-1
2208263,5586604,11,4,472800,9600,100006,-78.51606,38.02596,-1
2208263,5586604,13,1,483600,2400,1123534,-78.48488126,38.04196695,-1
2208263,5586604,15,3,486900,6300,11304,-78.48334,38.02406,-1
2208263,5586604,1,4,494400,6000,127836,-78.50886,38.0389,-1
2208263,5586604,3,1,501600,31200,1123534,-78.48488126,38.04196695,-1
2208263,5586604,4,4,532800,72000,98600,-78.47926,38.02919,-1
2208264,5586605,0,1,0,100800,1123536,-78.485261,38.0442145,-1
2208264,5586605,1,1,100800,86400,1123536,-78.485261,38.0442145,-1
2208264,5586605,2,1,187200,86400,1123536,-78.485261,38.0442145,-1
2208264,5586605,3,1,273600,86400,1123536,-78.485261,38.0442145,-1
2208264,5586605,4,1,360000,12360,1123536,-78.485261,38.0442145,-1
2208264,5586605,6,4,375210,300,89243,-78.48046,38.0305,-1
2208264,5586605,8,4,376320,780,134126,-78.49905,38.03052,-1
2208264,5586605,10,3,378300,1980,68148,-78.48333,38.02407,-1
2208264,5586605,12,1,380700,65700,1123536,-78.485261,38.0442145,-1
2208264,5586605,13,3,446400,14400,451,-78.50203,38.05198,-1
2208264,5586605,15,1,466200,66600,1123536,-78.485261,38.0442145,-1
2208264,5586605,0,1,532800,17880,1123536,-78.485261,38.0442145,-1
2208264,5586605,2,3,551100,2700,17995,-78.49087,38.03819,-1
2208264,5586605,4,3,553920,360,74334,-78.48693,38.03535,-1
2208264,5586605,6,1,554640,8160,1123536,-78.485261,38.0442145,-1
2208264,5586605,8,4,563280,8640,99958,-78.47246,38.02841,-1
2208264,5586605,10,1,572460,13680,1123536,-78.485261,38.0442145,-1
2208264,5586605,12,4,587100,2340,102433,-78.49033,38.03342,-1
2208264,5586605,14,1,590220,14580,1123536,-78.485261,38.0442145,-1
2208265,5586606,0,1,0,28200,1149530,-78.48973071,38.04526698,-1
2208265,5586606,2,2,28800,37800,86754,-78.63028,38.04543,-1
2208265,5586606,4,1,67080,33720,1149530,-78.48973071,38.04526698,-1
2208265,5586606,5,1,100800,9000,1149530,-78.48973071,38.04526698,-1
2208265,5586606,7,2,111240,45060,86754,-78.63028,38.04543,-1
2208265,5586606,9,1,157560,29640,1149530,-78.48973071,38.04526698,-1
2208265,5586606,10,1,187200,9000,1149530,-78.48973071,38.04526698,-1
2208265,5586606,12,2,197640,45060,86754,-78.63028,38.04543,-1
2208265,5586606,14,1,243960,29640,1149530,-78.48973071,38.04526698,-1
2208265,5586606,15,1,273600,9000,1149530,-78.48973071,38.04526698,-1
2208265,5586606,1,2,284040,45060,86754,-78.63028,38.04543,-1
2208265,5586606,3,1,330360,29640,1149530,-78.48973071,38.04526698,-1
2208265,5586606,4,1,360000,9000,1149530,-78.48973071,38.04526698,-1
2208265,5586606,6,2,371700,32400,86754,-78.63028,38.04543,-1
2208265,5586606,8,1,406800,39600,1149530,-78.48973071,38.04526698,-1
2208265,5586606,9,1,446400,28800,1149530,-78.48973071,38.04526698,-1
2208265,5586606,11,2,476100,13500,86754,-78.63028,38.04543,-1
2208265,5586606,13,1,490500,1800,1149530,-78.48973071,38.04526698,-1
2208265,5586606,15,2,493200,14400,86754,-78.63028,38.04543,-1
2208265,5586606,1,1,508440,24360,1149530,-78.48973071,38.04526698,-1
2208265,5586606,2,1,532800,28800,1149530,-78.48973071,38.04526698,-1
2208265,5586606,4,4,562500,300,135768,-78.67542,38.06884,-1
2208265,5586606,6,2,563400,7200,86754,-78.63028,38.04543,-1
2208265,5586606,8,4,572400,600,102575,-78.49594,38.0753,-1
2208265,5586606,10,1,573300,13500,1149530,-78.48973071,38.04526698,-1
2208265,5586606,12,3,587700,900,21120,-78.47208,38.07881,-1
2208265,5586606,14,1,589500,15300,1149530,-78.48973071,38.04526698,-1
2208265,5586607,0,1,0,26400,1149530,-78.48973071,38.04526698,-1
2208265,5586607,2,4,27930,300,93630,-78.47096,38.03225,-1
2208265,5586607,4,1,30600,25020,1149530,-78.48973071,38.04526698,-1
2208265,5586607,6,4,57900,300,134126,-78.49905,38.03052,-1
2208265,5586607,8,1,61260,39540,1149530,-78.48973071,38.04526698,-1
2208265,5586607,9,1,100800,22500,1149530,-78.48973071,38.04526698,-1
2208265,5586607,11,4,123600,3840,93630,-78.47096,38.03225,-1
2208265,5586607,13,3,128400,870,18453,-78.48717,38.03681,-1
2208265,5586607,15,3,129390,990,2881,-78.50096,38.03699,-1
2208265,5586607,1,4,132060,300,127419,-78.50506,38.05025,-1
2208265,5586607,3,4,133020,1680,134340,-78.47932,38.05538,-1
2208265,5586607,5,1,135000,52200,1149530,-78.48973071,38.04526698,-1
2208265,5586607,6,1,187200,22500,1149530,-78.48973071,38.04526698,-1
2208265,5586607,8,4,210000,3840,105075,-78.46287,38.02182,-1
2208265,5586607,10,3,214800,870,76426,-78.50473,38.05056,-1
2208265,5586607,12,3,215790,990,53895,-78.49198,38.06132,-1
2208265,5586607,14,4,218460,300,133554,-78.49711,38.03127,-1
2208265,5586607,0,4,219420,1680,127361,-78.49865,38.03986,-1
2208265,5586607,2,1,221400,52200,1149530,-78.48973071,38.04526698,-1
2208265,5586607,3,1,273600,22500,1149530,-78.48973071,38.04526698,-1
2208265,5586607,5,4,296400,3840,125756,-78.47317,38.02261,-1
2208265,5586607,7,3,301200,870,450,-78.50269,38.05147,-1
2208265,5586607,9,3,302190,990,50011,-78.47296,38.02409,-1
2208265,5586607,11,4,304860,300,104316,-78.47633,38.04155,-1
2208265,5586607,13,4,305820,1680,82997,-78.49984,38.03257,-1
2208265,5586607,15,1,307800,52200,1149530,-78.48973071,38.04526698,-1
2208265,5586607,0,1,360000,46800,1149530,-78.48973071,38.04526698,-1
2208265,5586607,2,3,407700,1800,74650,-78.47836,38.04094,-1
2208265,5586607,4,1,410400,36000,1149530,-78.48973071,38.04526698,-1
2208265,5586607,5,1,446400,28800,1149530,-78.48973071,38.04526698,-1
2208265,5586607,7,2,476100,13500,108330,-78.48365,38.02381,-1
2208265,5586607,9,1,490500,1800,1149530,-78.48973071,38.04526698,-1
2208265,5586607,11,2,493200,14400,108330,-78.48365,38.02381,-1
2208265,5586607,13,1,508440,24360,1149530,-78.48973071,38.04526698,-1
2208265,5586607,14,1,532800,9000,1149530,-78.48973071,38.04526698,-1
2208265,5586607,0,2,542700,31500,108330,-78.48365,38.02381,-1
2208265,5586607,2,1,575100,900,1149530,-78.48973071,38.04526698,-1
2208265,5586607,4,4,576900,2700,98059,-78.46675,38.02609,-1
2208265,5586607,6,1,580500,24300,1149530,-78.48973071,38.04526698,-1
2208266,5586608,0,1,0,39600,1149606,-78.4849145,38.044178,-1
2208266,5586608,2,3,40500,600,35941,-78.49004,38.03153,-1
2208266,5586608,4,3,41400,900,42241,-78.50044,38.05331,-1
2208266,5586608,6,3,42900,900,18456,-78.46903,38.02699,-1
2208266,5586608,8,4,44700,3000,107874,-78.47853,38.03077,-1
2208266,5586608,10,4,49200,600,99088,-78.48365,38.03685,-1
2208266,5586608,12,4,50400,7200,127361,-78.49865,38.03986,-1
2208266,5586608,14,3,58800,1800,30387,-78.48198,38.03841,-1
2208266,5586608,0,1,61200,39600,1149606,-78.4849145,38.044178,-1
2208266,5586608,1,1,100800,86400,1149606,-78.4849145,38.044178,-1
2208266,5586608,2,1,187200,86400,1149606,-78.4849145,38.044178,-1
2208266,5586608,3,1,273600,86400,1149606,-78.4849145,38.044178,-1
2208266,5586608,4,1,360000,10800,1149606,-78.4849145,38.044178,-1
2208266,5586608,6,4,371700,360,125100,-78.50506,38.05025,-1
2208266,5586608,8,1,372900,3300,1149606,-78.4849145,38.044178,-1
2208266,5586608,10,4,377700,4800,122252,-78.47109,38.03206,-1
2208266,5586608,12,1,384000,3000,1149606,-78.4849145,38.044178,-1
2208266,5586608,14,3,388800,5400,76440,-78.4846,38.03771,-1
2208266,5586608,0,4,396000,2100,134340,-78.47932,38.05538,-1
2208266,5586608,2,4,398400,4800,108376,-78.48738,38.03089,-1
2208266,5586608,4,1,405000,3000,1149606,-78.4849145,38.044178,-1
2208266,5586608,6,4,408900,2400,92634,-78.47096,38.03225,-1
2208266,5586608,8,4,411600,9600,92761,-78.49588,38.03289,-1
2208266,5586608,10,1,422400,24000,1149606,-78.4849145,38.044178,-1
2208266,5586608,11,1,446400,25200,1149606,-78.4849145,38.044178,-1
2208266,5586608,13,4,473400,4500,121793,-78.47699,38.03027,-1
2208266,5586608,15,1,479700,53100,1149606,-78.4849145,38.044178,-1
2208266,5586608,0,1,532800,12900,1149606,-78.4849145,38.044178,-1
2208266,5586608,2,4,546240,300,135001,-78.49547,38.05562,-1
2208266,5586608,4,3,546660,5820,7199,-78.49631,38.03293,-1
2208266,5586608,6,1,553080,2700,1149606,-78.4849145,38.044178,-1
2208266,5586608,8,2,556260,540,98553,-78.48551,38.03337,-1
2208266,5586608,10,4,557400,2400,87335,-78.49984,38.03257,-1
2208266,5586608,12,3,559920,360,76059,-78.47892,38.02995,-1
2208266,5586608,14,4,560460,1320,131252,-78.45411,38.05367,-1
2208266,5586608,0,1,562320,15060,1149606,-78.4849145,38.044178,-1
2208266,5586608,2,4,578580,3060,42222,-78.50212,38.01272,-1
2208266,5586608,4,1,582900,21900,1149606,-78.4849145,38.044178,-1
2208267,5586609,0,1,0,25200,1149607,-78.48631471,38.0443363,-1
2208267,5586609,2,1,26340,10260,1149607,-78.48631471,38.0443363,-1
2208267,5586609,4,4,38700,1500,97387,-78.46082,38.03453,-1
2208267,5586609,6,4,40500,4500,81571,-78.47096,38.03225,-1
2208267,5586609,8,3,45300,1500,2475,-78.49039,38.06317,-1
2208267,5586609,10,1,48000,600,1149607,-78.48631471,38.0443363,-1
2208267,5586609,12,4,50400,3900,94144,-78.48789,38.06238,-1
2208267,5586609,14,1,56400,3000,1149607,-78.48631471,38.0443363,-1
2208267,5586609,0,4,59700,3300,99088,-78.48365,38.03685,-1
2208267,5586609,2,1,63600,37200,1149607,-78.48631471,38.0443363,-1
2208267,5586609,3,1,100800,14700,1149607,-78.48631471,38.0443363,-1
2208267,5586609,5,2,117300,30000,107767,-78.50063,38.05642,-1
2208267,5586609,7,4,149100,2100,108330,-78.48365,38.02381,-1
2208267,5586609,9,4,151500,1200,117558,-78.47109,38.03206,-1
2208267,5586609,11,1,154800,32400,1149607,-78.48631471,38.0443363,-1
2208267,5586609,12,1,187200,14700,1149607,-78.48631471,38.0443363,-1
2208267,5586609,14,2,203700,30000,107767,-78.50063,38.05642,-1
2208267,5586609,0,4,235500,2100,134340,-78.47932,38.05538,-1
2208267,5586609,2,4,237900,1200,91203,-78.50246,38.03071,-1
2208267,5586609,4,1,241200,32400,1149607,-78.48631471,38.0443363,-1
2208267,5586609,5,1,273600,14700,1149607,-78.48631471,38.0443363,-1
2208267,5586609,7,2,290100,30000,107767,-78.50063,38.05642,-1
2208267,5586609,9,4,321900,2100,134340,-78.47932,38.05538,-1
2208267,5586609,11,4,324300,1200,102049,-78.47213,38.02967,-1
2208267,5586609,13,1,327600,32400,1149607,-78.48631471,38.0443363,-1
2208267,5586609,14,1,360000,16200,1149607,-78.48631471,38.0443363,-1
2208267,5586609,0,4,377160,2940,110224,-78.50057,38.05666,-1
2208267,5586609,2,4,381000,1320,125022,-78.49711,38.03127,-1
2208267,5586609,4,4,383640,2640,134126,-78.49905,38.03052,-1
2208267,5586609,6,1,388140,25860,1149607,-78.48631471,38.0443363,-1
2208267,5586609,8,2,414780,4260,107767,-78.50063,38.05642,-1
2208267,5586609,10,3,420180,1560,17770,-78.47823,38.04019,-1
2208267,5586609,12,1,422460,23940,1149607,-78.48631471,38.0443363,-1
2208267,5586609,13,1,446400,23400,1149607,-78.48631471,38.0443363,-1
2208267,5586609,15,4,470400,4200,97096,-78.47317,38.02261,-1
2208267,5586609,1,1,475200,3300,1149607,-78.48631471,38.0443363,-1
2208267,5586609,3,3,478800,2100,74647,-78.49252,38.03213,-1
2208267,5586609,5,4,481200,300,90396,-78.48167,38.0284,-1
2208267,5586609,7,3,481620,480,74335,-78.50005,38.05404,-1
2208267,5586609,9,1,482520,50280,1149607,-78.48631471,38.0443363,-1
2208267,5586609,10,1,532800,11400,1149607,-78.48631471,38.0443363,-1
2208267,5586609,12,7,545400,6300,9324,-78.46294,38.04843,-1
2208267,5586609,14,4,552600,1800,85494,-78.49984,38.03257,-1
2208267,5586609,0,1,555600,24600,1149607,-78.48631471,38.0443363,-1
2208267,5586609,2,7,581100,6900,9324,-78.46294,38.04843,-1
2208267,5586609,4,1,589200,15600,1149607,-78.48631471,38.0443363,-1
2208268,5586610,0,1,0,26100,1176038,-78.489042,38.0423065,-1
2208268,5586610,2,4,27600,900,120008,-78.46997,38.08826,-1
2208268,5586610,4,2,29700,13500,108850,-78.48574,38.06882,-1
2208268,5586610,6,4,44400,4200,98059,-78.46675,38.02609,-1
2208268,5586610,8,2,50100,14700,108850,-78.48574,38.06882,-1
2208268,5586610,10,4,66300,4500,123528,-78.47819,38.07958,-1
2208268,5586610,12,1,72000,28800,1176038,-78.489042,38.0423065,-1
2208268,5586610,13,1,100800,42600,1176038,-78.489042,38.0423065,-1
2208268,5586610,15,2,143940,18780,108850,-78.48574,38.06882,-1
2208268,5586610,1,1,163500,23700,1176038,-78.489042,38.0423065,-1
2208268,5586610,2,1,187200,42600,1176038,-78.489042,38.0423065,-1
2208268,5586610,4,2,230340,18780,108850,-78.48574,38.06882,-1
2208268,5586610,6,1,249900,23700,1176038,-78.489042,38.0423065,-1
2208268,5586610,7,1,273600,42600,1176038,-78.489042,38.0423065,-1
2208268,5586610,9,2,316740,18780,108850,-78.48574,38.06882,-1
2208268,5586610,11,1,336300,23700,1176038,-78.489042,38.0423065,-1
2208268,5586610,12,1,360000,12000,1176038,-78.489042,38.0423065,-1
2208268,5586610,14,2,373500,22500,108850,-78.48574,38.06882,-1
2208268,5586610,0,4,397500,5700,123172,-78.49683,37.99686,-1
2208268,5586610,2,4,405000,900,134340,-78.47932,38.05538,-1
2208268,5586610,4,1,407100,39300,1176038,-78.489042,38.0423065,-1
2208268,5586610,5,1,446400,18000,1176038,-78.489042,38.0423065,-1
2208268,5586610,7,4,465300,6300,93854,-78.48574,38.06881,-1
2208268,5586610,9,4,472380,7200,96264,-78.47733,38.02886,-1
2208268,5586610,11,4,480540,1560,88731,-78.67542,38.06884,-1
2208268,5586610,13,1,483120,8880,1176038,-78.489042,38.0423065,-1
2208268,5586610,15,3,492480,780,68519,-78.51325,38.06274,-1
2208268,5586610,1,1,493800,1020,1176038,-78.489042,38.0423065,-1
2208268,5586610,3,4,496020,9060,81539,-78.51725,38.05024,-1
2208268,5586610,5,1,506280,26520,1176038,-78.489042,38.0423065,-1
2208268,5586610,6,1,532800,23940,1176038,-78.489042,38.0423065,-1
2208268,5586610,8,7,558000,4500,15459,-78.49217,38.03756,-1
2208268,5586610,10,4,563100,3600,114456,-78.49391,38.0025,-1
2208268,5586610,12,1,568200,36600,1176038,-78.489042,38.0423065,-1
2208268,5586611,0,1,0,26100,1176038,-78.489042,38.0423065,-1
2208268,5586611,2,4,28800,900,126952,-78.51391,38.05227,-1
2208268,5586611,4,2,30900,11400,131227,-78.51094,38.03202,-1
2208268,5586611,6,4,43500,2400,130597,-78.47052,38.08385,-1
2208268,5586611,8,2,47700,10800,131227,-78.51094,38.03202,-1
2208268,5586611,10,4,61800,3300,124966,-78.49984,38.03257,-1
2208268,5586611,12,1,66900,33900,1176038,-78.489042,38.0423065,-1
2208268,5586611,13,1,100800,9600,1176038,-78.489042,38.0423065,-1
2208268,5586611,15,2,111420,17880,131227,-78.51094,38.03202,-1
2208268,5586611,1,1,130140,3060,1176038,-78.489042,38.0423065,-1
2208268,5586611,3,2,134220,11280,131227,-78.51094,38.03202,-1
2208268,5586611,5,3,146760,300,76062,-78.4785,38.02986,-1
2208268,5586611,7,1,147540,39660,1176038,-78.489042,38.0423065,-1
2208268,5586611,8,1,187200,9600,1176038,-78.489042,38.0423065,-1
2208268,5586611,10,2,197820,17880,131227,-78.51094,38.03202,-1
2208268,5586611,12,1,216540,3060,1176038,-78.489042,38.0423065,-1
2208268,5586611,14,2,220620,11280,131227,-78.51094,38.03202,-1
2208268,5586611,0,3,233160,300,51170,-78.47928,38.0731,-1
2208268,5586611,2,1,233940,39660,1176038,-78.489042,38.0423065,-1
2208268,5586611,3,1,273600,9600,1176038,-78.489042,38.0423065,-1
2208268,5586611,5,2,284220,17880,131227,-78.51094,38.03202,-1
2208268,5586611,7,1,302940,3060,1176038,-78.489042,38.0423065,-1
2208268,5586611,9,2,307020,11280,131227,-78.51094,38.03202,-1
2208268,5586611,11,3,319560,300,25156,-78.47482,38.08976,-1
2208268,5586611,13,1,320340,39660,1176038,-78.489042,38.0423065,-1
2208268,5586611,14,1,360000,10800,1176038,-78.489042,38.0423065,-1
2208268,5586611,0,4,371700,900,93854,-78.48574,38.06881,-1
2208268,5586611,2,2,373200,31200,131227,-78.51094,38.03202,-1
2208268,5586611,4,4,406500,8100,110040,-78.68166,38.05216,-1
2208268,5586611,6,1,415500,30900,1176038,-78.489042,38.0423065,-1
2208268,5586611,7,1,446400,18000,1176038,-78.489042,38.0423065,-1
2208268,5586611,9,4,465300,6300,126342,-78.50058,38.03238,-1
2208268,5586611,11,4,472380,7200,99488,-78.50059,38.07754,-1
2208268,5586611,13,4,480540,1560,82229,-78.4936,38.00596,-1
2208268,5586611,15,1,483120,8880,1176038,-78.489042,38.0423065,-1
2208268,5586611,1,3,492480,780,32000,-78.4372,38.12854,-1
2208268,5586611,3,1,493800,1020,1176038,-78.489042,38.0423065,-1
2208268,5586611,5,4,496020,9060,134366,-78.48797,37.99783,-1
2208268,5586611,7,1,506280,26520,1176038,-78.489042,38.0423065,-1
2208268,5586611,8,1,532800,24000,1176038,-78.489042,38.0423065,-1
2208268,5586611,10,7,558000,4500,62615,-78.51485,38.02087,-1
2208268,5586611,12,4,563100,3600,98553,-78.48551,38.03337,-1
2208268,5586611,14,1,568200,36600,1176038,-78.489042,38.0423065,-1
2208269,5586612,0,1,0,28800,1176039,-78.4925345,38.0449305,-1
2208269,5586612,2,4,30600,18000,119645,-78.47224,38.08084,-1
2208269,5586612,4,1,50400,50400,1176039,-78.4925345,38.0449305,-1
2208269,5586612,5,1,100800,47820,1176039,-78.4925345,38.0449305,-1
2208269,5586612,7,5,150300,9060,77678,-78.48276,38.040712,-1
2208269,5586612,9,1,160020,27180,1176039,-78.4925345,38.0449305,-1
2208269,5586612,10,1,187200,47820,1176039,-78.4925345,38.0449305,-1
2208269,5586612,12,5,236700,9060,77678,-78.48276,38.040712,-1
2208269,5586612,14,1,246420,27180,1176039,-78.4925345,38.0449305,-1
2208269,5586612,15,1,273600,47820,1176039,-78.4925345,38.0449305,-1
2208269,5586612,1,5,323100,9060,77678,-78.48276,38.040712,-1
2208269,5586612,3,1,332820,27180,1176039,-78.4925345,38.0449305,-1
2208269,5586612,4,4,360000,7200,104382,-78.35169,38.03137,-1
2208269,5586612,6,3,368100,900,73808,-78.41575,38.01532,-1
2208269,5586612,8,4,369300,600,132685,-78.48302,38.03116,-1
2208269,5586612,10,1,370800,1800,1176039,-78.4925345,38.0449305,-1
2208269,5586612,12,4,373200,900,128281,-78.48181,38.06814,-1
2208269,5586612,14,4,374400,3600,106920,-78.4197,38.12169,-1
2208269,5586612,0,4,379200,1500,91203,-78.50246,38.03071,-1
2208269,5586612,2,1,381300,15600,1176039,-78.4925345,38.0449305,-1
2208269,5586612,4,4,398400,1200,115588,-78.48632,38.07126,-1
2208269,5586612,6,3,400800,1500,69082,-78.48689,38.01417,-1
2208269,5586612,8,3,403500,1200,38554,-78.46871,38.02691,-1
2208269,5586612,10,1,405900,40500,1176039,-78.4925345,38.0449305,-1
2208269,5586612,11,1,446400,30570,1176039,-78.4925345,38.0449305,-1
2208269,5586612,13,4,477090,5280,135099,-78.50196,38.03209,-1
2208269,5586612,15,1,482490,50310,1176039,-78.4925345,38.0449305,-1
2208269,5586612,0,1,532800,72000,1176039,-78.4925345,38.0449305,-1
2208269,5586613,0,1,0,28800,1176039,-78.4925345,38.0449305,-1
2208269,5586613,2,4,30600,18000,105075,-78.46287,38.02182,-1
2208269,5586613,4,1,50400,50400,1176039,-78.4925345,38.0449305,-1
2208269,5586613,5,1,100800,10260,1176039,-78.4925345,38.0449305,-1
2208269,5586613,7,2,111540,15840,87335,-78.49984,38.03257,-1
2208269,5586613,9,1,127920,2880,1176039,-78.4925345,38.0449305,-1
2208269,5586613,11,2,131340,12720,87335,-78.49984,38.03257,-1
2208269,5586613,13,1,144720,3900,1176039,-78.4925345,38.0449305,-1
2208269,5586613,15,1,151140,7260,1176039,-78.4925345,38.0449305,-1
2208269,5586613,1,4,159000,360,102049,-78.47213,38.02967,-1
2208269,5586613,3,1,160020,27180,1176039,-78.4925345,38.0449305,-1
2208269,5586613,4,1,187200,10260,1176039,-78.4925345,38.0449305,-1
2208269,5586613,6,2,197940,15840,87335,-78.49984,38.03257,-1
2208269,5586613,8,1,214320,2880,1176039,-78.4925345,38.0449305,-1
2208269,5586613,10,2,217740,12720,87335,-78.49984,38.03257,-1
2208269,5586613,12,1,231120,3900,1176039,-78.4925345,38.0449305,-1
2208269,5586613,14,1,237540,7260,1176039,-78.4925345,38.0449305,-1
2208269,5586613,0,4,245400,360,82889,-78.47261,38.0593,-1
2208269,5586613,2,1,246420,27180,1176039,-78.4925345,38.0449305,-1
2208269,5586613,3,1,273600,10260,1176039,-78.4925345,38.0449305,-1
2208269,5586613,5,2,284340,15840,87335,-78.49984,38.03257,-1
2208269,5586613,7,1,300720,2880,1176039,-78.4925345,38.0449305,-1
2208269,5586613,9,2,304140,12720,87335,-78.49984,38.03257,-1
2208269,5586613,11,1,317520,3900,1176039,-78.4925345,38.0449305,-1
2208269,5586613,13,1,323940,7260,1176039,-78.4925345,38.0449305,-1
2208269,5586613,15,4,331800,360,106911,-78.48195,38.02928,-1
2208269,5586613,1,1,332820,27180,1176039,-78.4925345,38.0449305,-1
2208269,5586613,2,2,360000,7200,87335,-78.49984,38.03257,-1
2208269,5586613,4,3,368100,600,72778,-78.47823,38.04019,-1
2208269,5586613,6,2,369300,30300,87335,-78.49984,38.03257,-1
2208269,5586613,8,3,400800,1500,18450,-78.46674,38.02609,-1
2208269,5586613,10,3,403500,1500,29659,-78.4799,38.04045,-1
2208269,5586613,12,1,405900,40500,1176039,-78.4925345,38.0449305,-1
2208269,5586613,13,2,446400,7260,87335,-78.49984,38.03257,-1
2208269,5586613,15,1,454800,34770,1176039,-78.4925345,38.0449305,-1
2208269,5586613,1,4,489690,5010,125257,-78.47813,38.03149,-1
2208269,5586613,3,2,495900,36900,87335,-78.49984,38.03257,-1
2208269,5586613,4,1,532800,72000,1176039,-78.4925345,38.0449305,-1
2208270,5586614,0,1,0,29700,1176104,-78.48213983,38.04291067,-1
2208270,5586614,2,1,32400,18900,1176104,-78.48213983,38.04291067,-1
2208270,5586614,4,4,52800,3600,81500,-78.50044,38.03439,-1
2208270,5586614,6,4,57600,10800,94342,-78.48441,38.02817,-1
2208270,5586614,8,1,69900,30900,1176104,-78.48213983,38.04291067,-1
2208270,5586614,9,1,100800,18000,1176104,-78.48213983,38.04291067,-1
2208270,5586614,11,4,119400,3600,82174,-78.51567,38.00476,-1
2208270,5586614,13,1,123600,13800,1176104,-78.48213983,38.04291067,-1
2208270,5586614,15,3,137700,3300,25779,-78.47229,38.07906,-1
2208270,5586614,1,1,141300,900,1176104,-78.48213983,38.04291067,-1
2208270,5586614,3,1,149400,37800,1176104,-78.48213983,38.04291067,-1
2208270,5586614,4,1,187200,18000,1176104,-78.48213983,38.04291067,-1
2208270,5586614,6,4,205800,3600,82889,-78.47261,38.0593,-1
2208270,5586614,8,1,210000,13800,1176104,-78.48213983,38.04291067,-1
2208270,5586614,10,3,224100,3300,74648,-78.50458,38.05072,-1
2208270,5586614,12,1,227700,900,1176104,-78.48213983,38.04291067,-1
2208270,5586614,14,1,235800,37800,1176104,-78.48213983,38.04291067,-1
2208270,5586614,15,1,273600,18000,1176104,-78.48213983,38.04291067,-1
2208270,5586614,1,4,292200,3600,81539,-78.51725,38.05024,-1
2208270,5586614,3,1,296400,13800,1176104,-78.48213983,38.04291067,-1
2208270,5586614,5,3,310500,3300,22863,-78.4894,38.0376,-1
2208270,5586614,7,1,314100,900,1176104,-78.48213983,38.04291067,-1
2208270,5586614,9,1,322200,37800,1176104,-78.48213983,38.04291067,-1
2208270,5586614,10,1,360000,27180,1176104,-78.48213983,38.04291067,-1
2208270,5586614,12,4,388740,2460,93955,-78.50124,38.01353,-1
2208270,5586614,14,3,393600,600,29659,-78.4799,38.04045,-1
2208270,5586614,0,1,394980,51420,1176104,-78.48213983,38.04291067,-1
2208270,5586614,1,1,446400,86400,1176104,-78.48213983,38.04291067,-1
2208270,5586614,2,1,532800,19800,1176104,-78.48213983,38.04291067,-1
2208270,5586614,4,7,553500,5400,65735,-78.47946,38.03187,-1
2208270,5586614,6,1,559800,900,1176104,-78.48213983,38.04291067,-1
2208270,5586614,8,3,561300,1500,32581,-78.46728,38.09353,-1
2208270,5586614,10,1,563400,900,1176104,-78.48213983,38.04291067,-1
2208270,5586614,12,7,564900,16020,65735,-78.47946,38.03187,-1
2208270,5586614,14,1,582180,22620,1176104,-78.48213983,38.04291067,-1
2208271,5586615,0,1,0,27000,1202595,-78.487349,38.0431065,-1
2208271,5586615,2,2,28800,7200,94144,-78.48789,38.06238,-1
2208271,5586615,4,4,36300,900,127361,-78.49865,38.03986,-1
2208271,5586615,6,2,50400,3600,94144,-78.48789,38.06238,-1
2208271,5586615,8,4,54900,1800,125022,-78.49711,38.03127,-1
2208271,5586615,10,4,57600,900,82889,-78.47261,38.0593,-1
2208271,5586615,12,2,59100,12900,94144,-78.48789,38.06238,-1
2208271,5586615,14,4,72600,600,124966,-78.49984,38.03257,-1
2208271,5586615,0,1,73800,27000,1202595,-78.487349,38.0431065,-1
2208271,5586615,1,1,100800,12000,1202595,-78.487349,38.0431065,-1
2208271,5586615,3,2,113220,20700,94144,-78.48789,38.06238,-1
2208271,5586615,5,2,135180,9000,94144,-78.48789,38.06238,-1
2208271,5586615,7,1,144840,1860,1202595,-78.487349,38.0431065,-1
2208271,5586615,9,4,147000,6000,127698,-78.49598,38.03285,-1
2208271,5586615,11,1,153240,1800,1202595,-78.487349,38.0431065,-1
2208271,5586615,13,4,155220,5220,91497,-78.47808,38.03148,-1
2208271,5586615,15,1,160740,26460,1202595,-78.487349,38.0431065,-1
2208271,5586615,0,1,187200,12000,1202595,-78.487349,38.0431065,-1
2208271,5586615,2,2,199620,20700,94144,-78.48789,38.06238,-1
2208271,5586615,4,2,221580,9000,94144,-78.48789,38.06238,-1
2208271,5586615,6,1,231240,1860,1202595,-78.487349,38.0431065,-1
2208271,5586615,8,4,233400,6000,85055,-78.48167,38.0284,-1
2208271,5586615,10,1,239640,1800,1202595,-78.487349,38.0431065,-1
2208271,5586615,12,4,241620,5220,130369,-78.50059,38.03104,-1
2208271,5586615,14,1,247140,26460,1202595,-78.487349,38.0431065,-1
2208271,5586615,15,1,273600,12000,1202595,-78.487349,38.0431065,-1
2208271,5586615,1,2,286020,20700,94144,-78.48789,38.06238,-1
2208271,5586615,3,2,307980,9000,94144,-78.48789,38.06238,-1
2208271,5586615,5,1,317640,1860,1202595,-78.487349,38.0431065,-1
2208271,5586615,7,4,319800,6000,103742,-78.48275,38.03121,-1
2208271,5586615,9,1,326040,1800,1202595,-78.487349,38.0431065,-1
2208271,5586615,11,4,328020,5220,98059,-78.46675,38.02609,-1
2208271,5586615,13,1,333540,26460,1202595,-78.487349,38.0431065,-1
2208271,5586615,14,1,360000,26400,1202595,-78.487349,38.0431065,-1
2208271,5586615,0,4,386700,2400,126342,-78.50058,38.03238,-1
2208271,5586615,2,1,389280,57120,1202595,-78.487349,38.0431065,-1
2208271,5586615,3,1,446400,14400,1202595,-78.487349,38.0431065,-1
2208271,5586615,5,4,461100,600,111244,-78.51267,38.04325,-1
2208271,5586615,7,4,463200,2100,91956,-78.47967,38.03478,-1
2208271,5586615,9,4,467100,1200,87335,-78.49984,38.03257,-1
2208271,5586615,11,1,468600,14700,1202595,-78.487349,38.0431065,-1
2208271,5586615,13,4,484200,1800,130695,-78.47096,38.03225,-1
2208271,5586615,15,1,486900,2100,1202595,-78.487349,38.0431065,-1
2208271,5586615,1,4,489600,4800,94144,-78.48789,38.06238,-1
2208271,5586615,3,1,495000,37800,1202595,-78.487349,38.0431065,-1
2208271,5586615,4,1,532800,19800,1202595,-78.487349,38.0431065,-1
2208271,5586615,6,7,553800,4800,31053,-78.50134,38.04022,-1
2208271,5586615,8,1,559500,14400,1202595,-78.487349,38.0431065,-1
2208271,5586615,10,7,575400,8400,31053,-78.50134,38.04022,-1
2208271,5586615,12,1,584700,20100,1202595,-78.487349,38.0431065,-1
2208272,5586616,0,1,0,19800,1202597,-78.4919055,38.043889,-1
2208272,5586616,2,2,23400,34200,125016,-78.50044,38.03439,-1
2208272,5586616,4,1,61200,39600,1202597,-78.4919055,38.043889,-1
2208272,5586616,5,1,100800,14940,1202597,-78.4919055,38.043889,-1
2208272,5586616,7,2,117420,3840,125016,-78.50044,38.03439,-1
2208272,5586616,9,2,122100,2640,125016,-78.50044,38.03439,-1
2208272,5586616,11,2,125040,11160,125016,-78.50044,38.03439,-1
2208272,5586616,13,4,136500,3120,98231,-78.48198,38.02927,-1
2208272,5586616,15,2,140520,840,125016,-78.50044,38.03439,-1
2208272,5586616,1,2,142200,11340,125016,-78.50044,38.03439,-1
2208272,5586616,3,1,154800,5700,1202597,-78.4919055,38.043889,-1
2208272,5586616,5,3,160980,300,25780,-78.49892,38.00424,-1
2208272,5586616,7,1,161640,25560,1202597,-78.4919055,38.043889,-1
2208272,5586616,8,1,187200,14940,1202597,-78.4919055,38.043889,-1
2208272,5586616,10,2,203820,3840,125016,-78.50044,38.03439,-1
2208272,5586616,12,2,208500,2640,125016,-78.50044,38.03439,-1
2208272,5586616,14,2,211440,11160,125016,-78.50044,38.03439,-1
2208272,5586616,0,4,222900,3120,88321,-78.50065,38.06228,-1
2208272,5586616,2,2,226920,840,125016,-78.50044,38.03439,-1
2208272,5586616,4,2,228600,11340,125016,-78.50044,38.03439,-1
2208272,5586616,6,1,241200,5700,1202597,-78.4919055,38.043889,-1
2208272,5586616,8,3,247380,300,3493,-78.4416,38.12882,-1
2208272,5586616,10,1,248040,25560,1202597,-78.4919055,38.043889,-1
2208272,5586616,11,1,273600,14940,1202597,-78.4919055,38.043889,-1
2208272,5586616,13,2,290220,3840,125016,-78.50044,38.03439,-1
2208272,5586616,15,2,294900,2640,125016,-78.50044,38.03439,-1
2208272,5586616,1,2,297840,11160,125016,-78.50044,38.03439,-1
2208272,5586616,3,4,309300,3120,135768,-78.67542,38.06884,-1
2208272,5586616,5,2,313320,840,125016,-78.50044,38.03439,-1
2208272,5586616,7,2,315000,11340,125016,-78.50044,38.03439,-1
2208272,5586616,9,1,327600,5700,1202597,-78.4919055,38.043889,-1
2208272,5586616,11,3,333780,300,7610,-78.47304,38.08691,-1
2208272,5586616,13,1,334440,25560,1202597,-78.4919055,38.043889,-1
2208272,5586616,14,4,360000,86400,96763,-78.49508,38.00548,-1
2208272,5586616,15,1,446400,86400,1202597,-78.4919055,38.043889,-1
2208272,5586616,0,1,532800,35460,1202597,-78.4919055,38.043889,-1
2208272,5586616,2,4,568800,7200,99488,-78.50059,38.07754,-1
2208272,5586616,4,4,577800,2700,121071,-78.48162,38.02878,-1
2208272,5586616,6,3,581100,6600,3493,-78.4416,38.12882,-1
2208272,5586616,8,1,588300,16500,1202597,-78.4919055,38.043889,-1
2208272,5586617,0,1,0,62100,1202597,-78.4919055,38.043889,-1
2208272,5586617,2,1,68400,32400,1202597,-78.4919055,38.043889,-1
2208272,5586617,3,1,100800,3000,1202597,-78.4919055,38.043889,-1
2208272,5586617,5,2,104400,30600,82997,-78.49984,38.03257,-1
2208272,5586617,7,4,137700,7620,103164,-78.4894,38.03133,-1
2208272,5586617,9,1,146400,9300,1202597,-78.4919055,38.043889,-1
2208272,5586617,11,3,156000,2760,8419,-78.50366,38.05045,-1
2208272,5586617,13,4,159450,300,118607,-78.47568,38.03155,-1
2208272,5586617,15,1,160020,27180,1202597,-78.4919055,38.043889,-1
2208272,5586617,0,1,187200,3000,1202597,-78.4919055,38.043889,-1
2208272,5586617,2,2,190800,30600,82997,-78.49984,38.03257,-1
2208272,5586617,4,4,224100,7620,124966,-78.49984,38.03257,-1
2208272,5586617,6,1,232800,9300,1202597,-78.4919055,38.043889,-1
2208272,5586617,8,3,242400,2760,18451,-78.48595,38.06474,-1
2208272,5586617,10,4,245850,300,102433,-78.49033,38.03342,-1
2208272,5586617,12,1,246420,27180,1202597,-78.4919055,38.043889,-1
2208272,5586617,13,1,273600,3000,1202597,-78.4919055,38.043889,-1
2208272,5586617,15,2,277200,30600,82997,-78.49984,38.03257,-1
2208272,5586617,1,4,310500,7620,134340,-78.47932,38.05538,-1
2208272,5586617,3,1,319200,9300,1202597,-78.4919055,38.043889,-1
2208272,5586617,5,3,328800,2760,42172,-78.49261,38.06053,-1
2208272,5586617,7,4,332250,300,91203,-78.50246,38.03071,-1
2208272,5586617,9,1,332820,27180,1202597,-78.4919055,38.043889,-1
2208272,5586617,10,4,360000,86400,134459,-78.48405,38.05845,-1
2208272,5586617,11,1,446400,86400,1202597,-78.4919055,38.043889,-1
2208272,5586617,12,1,532800,35460,1202597,-78.4919055,38.043889,-1
2208272,5586617,14,4,568800,7200,134686,-78.49301,38.05151,-1
2208272,5586617,0,4,577800,2700,91203,-78.50246,38.03071,-1
2208272,5586617,2,3,581100,6300,22096,-78.47952,38.03106,-1
2208272,5586617,4,1,588300,16500,1202597,-78.4919055,38.043889,-1
2208272,5586618,0,1,0,62100,1202597,-78.4919055,38.043889,-1
2208272,5586618,2,1,68400,32400,1202597,-78.4919055,38.043889,-1
2208272,5586618,3,1,100800,8400,1202597,-78.4919055,38.043889,-1
2208272,5586618,5,4,110400,300,130369,-78.50059,38.03104,-1
2208272,5586618,7,2,111000,25800,99088,-78.48365,38.03685,-1
2208272,5586618,9,4,137400,600,127361,-78.49865,38.03986,-1
2208272,5586618,11,1,139200,8400,1202597,-78.4919055,38.043889,-1
2208272,5586618,13,2,148800,20400,99088,-78.48365,38.03685,-1
2208272,5586618,15,1,170400,16800,1202597,-78.4919055,38.043889,-1
2208272,5586618,0,1,187200,8400,1202597,-78.4919055,38.043889,-1
2208272,5586618,2,4,196800,300,95603,-78.48785,38.03095,-1
2208272,5586618,4,2,197400,25800,99088,-78.48365,38.03685,-1
2208272,5586618,6,4,223800,600,130369,-78.50059,38.03104,-1
2208272,5586618,8,1,225600,8400,1202597,-78.4919055,38.043889,-1
2208272,5586618,10,2,235200,20400,99088,-78.48365,38.03685,-1
2208272,5586618,12,1,256800,16800,1202597,-78.4919055,38.043889,-1
2208272,5586618,13,1,273600,8400,1202597,-78.4919055,38.043889,-1
2208272,5586618,15,4,283200,300,97096,-78.47317,38.02261,-1
2208272,5586618,1,2,283800,25800,99088,-78.48365,38.03685,-1
2208272,5586618,3,4,310200,600,105075,-78.46287,38.02182,-1
2208272,5586618,5,1,312000,8400,1202597,-78.4919055,38.043889,-1
2208272,5586618,7,2,321600,20400,99088,-78.48365,38.03685,-1
2208272,5586618,9,1,343200,16800,1202597,-78.4919055,38.043889,-1
2208272,5586618,10,4,360000,86400,89243,-78.48046,38.0305,-1
2208272,5586618,11,1,446400,86400,1202597,-78.4919055,38.043889,-1
2208272,5586618,12,1,532800,35460,1202597,-78.4919055,38.043889,-1
2208272,5586618,14,4,568800,7200,125022,-78.49711,38.03127,-1
2208272,5586618,0,4,577800,2700,97748,-78.48104,38.0393,-1
2208272,5586618,2,3,581100,6300,36256,-78.47883,38.02992,-1
2208272,5586618,4,1,588300,16500,1202597,-78.4919055,38.043889,-1
2208273,5586619,0,1,0,25200,1202598,-78.4928275,38.0454075,-1
2208273,5586619,2,2,27000,34200,135099,-78.50196,38.03209,-1
2208273,5586619,4,1,67800,4200,1202598,-78.4928275,38.0454075,-1
2208273,5586619,6,1,75000,9900,1202598,-78.4928275,38.0454075,-1
2208273,5586619,8,1,88200,12600,1202598,-78.4928275,38.0454075,-1
2208273,5586619,9,1,100800,23400,1202598,-78.4928275,38.0454075,-1
2208273,5586619,11,2,124500,6000,135099,-78.50196,38.03209,-1
2208273,5586619,13,2,133200,14400,135099,-78.50196,38.03209,-1
2208273,5586619,15,1,150300,36900,1202598,-78.4928275,38.0454075,-1
2208273,5586619,0,1,187200,23400,1202598,-78.4928275,38.0454075,-1
2208273,5586619,2,2,210900,6000,135099,-78.50196,38.03209,-1
2208273,5586619,4,2,219600,14400,135099,-78.50196,38.03209,-1
2208273,5586619,6,1,236700,36900,1202598,-78.4928275,38.0454075,-1
2208273,5586619,7,1,273600,23400,1202598,-78.4928275,38.0454075,-1
2208273,5586619,9,2,297300,6000,135099,-78.50196,38.03209,-1
2208273,5586619,11,2,306000,14400,135099,-78.50196,38.03209,-1
2208273,5586619,13,1,323100,36900,1202598,-78.4928275,38.0454075,-1
2208273,5586619,14,1,360000,8700,1202598,-78.4928275,38.0454075,-1
2208273,5586619,0,2,369300,30300,135099,-78.50196,38.03209,-1
2208273,5586619,2,1,400320,5280,1202598,-78.4928275,38.0454075,-1
2208273,5586619,4,3,406200,600,7199,-78.49631,38.03293,-1
2208273,5586619,6,4,407400,1500,130369,-78.50059,38.03104,-1
2208273,5586619,8,4,409500,600,100662,-78.48808,38.05895,-1
2208273,5586619,10,4,410700,3300,92761,-78.49588,38.03289,-1
2208273,5586619,12,1,414540,31860,1202598,-78.4928275,38.0454075,-1
2208273,5586619,13,4,446400,34200,94342,-78.48441,38.02817,-1
2208273,5586619,15,4,482400,3600,112874,-78.471,38.0321,-1
2208273,5586619,1,3,487800,1800,72779,-78.49087,38.03819,-1
2208273,5586619,3,3,491400,900,76426,-78.50473,38.05056,-1
2208273,5586619,5,4,492900,39900,133554,-78.49711,38.03127,-1
2208273,5586619,6,1,532800,5400,1202598,-78.4928275,38.0454075,-1
2208273,5586619,8,3,541800,1320,18456,-78.46903,38.02699,-1
2208273,5586619,10,4,551160,2400,133554,-78.49711,38.03127,-1
2208273,5586619,12,4,553740,2340,104790,-78.48738,38.03089,-1
2208273,5586619,14,4,556260,1560,105075,-78.46287,38.02182,-1
2208273,5586619,0,4,560580,1920,130369,-78.50059,38.03104,-1
2208273,5586619,2,4,564480,3840,101402,-78.4838,38.02668,-1
2208273,5586619,4,4,568980,9420,125022,-78.49711,38.03127,-1
2208273,5586619,6,3,578880,420,10687,-78.50256,38.0516,-1
2208273,5586619,8,4,579780,720,85055,-78.48167,38.0284,-1
2208273,5586619,10,4,581880,8280,82997,-78.49984,38.03257,-1
2208273,5586619,12,3,597480,420,232,-78.48313,38.03794,-1
2208273,5586619,14,1,601560,3240,1202598,-78.4928275,38.0454075,-1
2208273,5586620,0,1,0,25200,1202598,-78.4928275,38.0454075,-1
2208273,5586620,2,2,27000,34200,77878,-78.497047,38.026162,-1
2208273,5586620,4,1,67800,4200,1202598,-78.4928275,38.0454075,-1
2208273,5586620,6,1,75000,9900,1202598,-78.4928275,38.0454075,-1
2208273,5586620,8,1,88200,12600,1202598,-78.4928275,38.0454075,-1
2208273,5586620,9,1,100800,35100,1202598,-78.4928275,38.0454075,-1
2208273,5586620,11,2,136500,33600,77878,-78.497047,38.026162,-1
2208273,5586620,13,1,170700,16500,1202598,-78.4928275,38.0454075,-1
2208273,5586620,14,1,187200,35100,1202598,-78.4928275,38.0454075,-1
2208273,5586620,0,2,222900,33600,77878,-78.497047,38.026162,-1
2208273,5586620,2,1,257100,16500,1202598,-78.4928275,38.0454075,-1
2208273,5586620,3,1,273600,35100,1202598,-78.4928275,38.0454075,-1
2208273,5586620,5,2,309300,33600,77878,-78.497047,38.026162,-1
2208273,5586620,7,1,343500,16500,1202598,-78.4928275,38.0454075,-1
2208273,5586620,8,1,360000,8700,1202598,-78.4928275,38.0454075,-1
2208273,5586620,10,2,369300,30300,77878,-78.497047,38.026162,-1
2208273,5586620,12,1,400320,5280,1202598,-78.4928275,38.0454075,-1
2208273,5586620,14,3,406200,600,71588,-78.50085,38.05407,-1
2208273,5586620,0,4,407400,1500,90396,-78.48167,38.0284,-1
2208273,5586620,2,4,409500,600,133554,-78.49711,38.03127,-1
2208273,5586620,4,4,410700,3300,135099,-78.50196,38.03209,-1
2208273,5586620,6,1,414540,31860,1202598,-78.4928275,38.0454075,-1
2208273,5586620,7,4,446400,34200,131949,-78.48451,38.03605,-1
2208273,5586620,9,4,482400,3600,92595,-78.50029,38.05153,-1
2208273,5586620,11,3,487800,1800,35546,-78.48333,38.02406,-1
2208273,5586620,13,3,491400,900,35546,-78.48333,38.02406,-1
2208273,5586620,15,4,492900,39900,91349,-78.46916,38.0237,-1
2208273,5586620,0,1,532800,5400,1202598,-78.4928275,38.0454075,-1
2208273,5586620,2,3,541800,1320,52610,-78.49087,38.03819,-1
2208273,5586620,4,4,551160,2400,97748,-78.48104,38.0393,-1
2208273,5586620,6,4,553740,2340,116559,-78.47109,38.03206,-1
2208273,5586620,8,4,556260,1560,134126,-78.49905,38.03052,-1
2208273,5586620,10,4,560580,1920,118980,-78.46719,38.03203,-1
2208273,5586620,12,4,564480,3840,91956,-78.47967,38.03478,-1
2208273,5586620,14,4,568980,9420,127361,-78.49865,38.03986,-1
2208273,5586620,0,3,578880,420,38262,-78.48451,38.03604,-1
2208273,5586620,2,4,579780,720,84926,-78.471,38.0321,-1
2208273,5586620,4,4,581880,8280,82889,-78.47261,38.0593,-1
2208273,5586620,6,3,597480,420,32119,-78.51235,38.0431,-1
2208273,5586620,8,1,601560,3240,1202598,-78.4928275,38.0454075,-1
2208273,5586621,0,1,0,25200,1202598,-78.4928275,38.0454075,-1
2208273,5586621,2,2,27000,34200,77880,-78.476628,38.052405,-1
2208273,5586621,4,1,67800,4200,1202598,-78.4928275,38.0454075,-1
2208273,5586621,6,1,75000,9900,1202598,-78.4928275,38.0454075,-1
2208273,5586621,8,1,88200,12600,1202598,-78.4928275,38.0454075,-1
2208273,5586621,9,1,100800,41100,1202598,-78.4928275,38.0454075,-1
2208273,5586621,11,2,142200,21600,77880,-78.476628,38.052405,-1
2208273,5586621,13,1,164400,22800,1202598,-78.4928275,38.0454075,-1
2208273,5586621,14,1,187200,41100,1202598,-78.4928275,38.0454075,-1
2208273,5586621,0,2,228600,21600,77880,-78.476628,38.052405,-1
2208273,5586621,2,1,250800,22800,1202598,-78.4928275,38.0454075,-1
2208273,5586621,3,1,273600,41100,1202598,-78.4928275,38.0454075,-1
2208273,5586621,5,2,315000,21600,77880,-78.476628,38.052405,-1
2208273,5586621,7,1,337200,22800,1202598,-78.4928275,38.0454075,-1
2208273,5586621,8,1,360000,8700,1202598,-78.4928275,38.0454075,-1
2208273,5586621,10,2,369300,30300,77880,-78.476628,38.052405,-1
2208273,5586621,12,1,400320,5280,1202598,-78.4928275,38.0454075,-1
2208273,5586621,14,3,406200,600,18451,-78.48595,38.06474,-1
2208273,5586621,0,4,407400,1500,80123,-78.47638,38.03074,-1
2208273,5586621,2,4,409500,600,93974,-78.49345,38.06415,-1
2208273,5586621,4,4,410700,3300,101402,-78.4838,38.02668,-1
2208273,5586621,6,1,414540,31860,1202598,-78.4928275,38.0454075,-1
2208273,5586621,7,4,446400,34200,85494,-78.49984,38.03257,-1
2208273,5586621,9,4,482400,3600,94936,-78.48334,38.02781,-1
2208273,5586621,11,3,487800,1800,32485,-78.50032,38.05433,-1
2208273,5586621,13,3,491400,900,76060,-78.47893,38.03,-1
2208273,5586621,15,4,492900,39900,124966,-78.49984,38.03257,-1
2208273,5586621,0,1,532800,5400,1202598,-78.4928275,38.0454075,-1
2208273,5586621,2,3,541800,1320,18451,-78.48595,38.06474,-1
2208273,5586621,4,4,551160,2400,85312,-78.47977,38.032,-1
2208273,5586621,6,4,553740,2340,107080,-78.50258,38.04347,-1
2208273,5586621,8,4,556260,1560,94144,-78.48789,38.06238,-1
2208273,5586621,10,4,560580,1920,134459,-78.48405,38.05845,-1
2208273,5586621,12,4,564480,3840,127361,-78.49865,38.03986,-1
2208273,5586621,14,4,568980,9420,129876,-78.49763,38.03321,-1
2208273,5586621,0,3,578880,420,34163,-78.49022,38.06335,-1
2208273,5586621,2,4,579780,720,134340,-78.47932,38.05538,-1
2208273,5586621,4,4,581880,8280,103742,-78.48275,38.03121,-1
2208273,5586621,6,3,597480,420,72778,-78.47823,38.04019,-1
2208273,5586621,8,1,601560,3240,1202598,-78.4928275,38.0454075,-1
2208274,5586622,0,1,0,30600,122474,-78.4873525,38.04527,-1
2208274,5586622,2,2,32400,12900,77878,-78.497047,38.026162,-1
2208274,5586622,4,7,45900,2100,62486,-78.47415,38.03872,-1
2208274,5586622,6,2,48900,2700,77878,-78.497047,38.026162,-1
2208274,5586622,8,2,53400,900,77878,-78.497047,38.026162,-1
2208274,5586622,10,4,54600,2100,127698,-78.49598,38.03285,-1
2208274,5586622,12,1,57300,43500,122474,-78.4873525,38.04527,-1
2208274,5586622,13,4,100800,10800,85494,-78.49984,38.03257,-1
2208274,5586622,15,2,115200,36000,77878,-78.497047,38.026162,-1
2208274,5586622,1,1,153000,34200,122474,-78.4873525,38.04527,-1
2208274,5586622,2,4,187200,10800,82889,-78.47261,38.0593,-1
2208274,5586622,4,2,201600,36000,77878,-78.497047,38.026162,-1
2208274,5586622,6,1,239400,34200,122474,-78.4873525,38.04527,-1
2208274,5586622,7,4,273600,10800,132397,-78.50013,38.04043,-1
2208274,5586622,9,2,288000,36000,77878,-78.497047,38.026162,-1
2208274,5586622,11,1,325800,34200,122474,-78.4873525,38.04527,-1
2208274,5586622,12,1,360000,52620,122474,-78.4873525,38.04527,-1
2208274,5586622,14,3,413100,900,8419,-78.50366,38.05045,-1
2208274,5586622,0,4,415800,12600,105075,-78.46287,38.02182,-1
2208274,5586622,2,1,430200,16200,122474,-78.4873525,38.04527,-1
2208274,5586622,3,1,446400,21600,122474,-78.4873525,38.04527,-1
2208274,5586622,5,4,468900,4500,100662,-78.48808,38.05895,-1
2208274,5586622,7,3,474480,360,56885,-78.47387,38.01382,-1
2208274,5586622,9,1,475200,8100,122474,-78.4873525,38.04527,-1
2208274,5586622,11,4,483900,7500,129057,-78.4889,38.06366,-1
2208274,5586622,13,3,491580,1320,29144,-78.47799,38.04131,-1
2208274,5586622,15,1,493200,39600,122474,-78.4873525,38.04527,-1
2208274,5586622,0,1,532800,72000,122474,-78.4873525,38.04527,-1
2208275,5586623,0,4,0,14400,94144,-78.48789,38.06238,-1
2208275,5586623,2,1,14520,23280,122475,-78.48799899,38.04555983,-1
2208275,5586623,4,1,39000,5100,122475,-78.48799899,38.04555983,-1
2208275,5586623,6,4,45000,6000,125257,-78.47813,38.03149,-1
2208275,5586623,8,1,52200,2700,122475,-78.48799899,38.04555983,-1
2208275,5586623,10,4,55800,2400,103617,-78.50089,38.05618,-1
2208275,5586623,12,4,59100,2100,134340,-78.47932,38.05538,-1
2208275,5586623,14,1,62100,1800,122475,-78.48799899,38.04555983,-1
2208275,5586623,0,4,64800,8100,135099,-78.50196,38.03209,-1
2208275,5586623,2,1,73800,27000,122475,-78.48799899,38.04555983,-1
2208275,5586623,3,1,100800,86400,122475,-78.48799899,38.04555983,-1
2208275,5586623,4,1,187200,86400,122475,-78.48799899,38.04555983,-1
2208275,5586623,5,1,273600,86400,122475,-78.48799899,38.04555983,-1
2208275,5586623,6,1,360000,12600,122475,-78.48799899,38.04555983,-1
2208275,5586623,8,2,375000,34620,93974,-78.49345,38.06415,-1
2208275,5586623,10,1,413100,33300,122475,-78.48799899,38.04555983,-1
2208275,5586623,11,1,446400,5100,122475,-78.48799899,38.04555983,-1
2208275,5586623,13,2,453000,18600,93974,-78.49345,38.06415,-1
2208275,5586623,15,4,472800,2400,111288,-78.47831,38.03209,-1
2208275,5586623,1,2,476400,13200,93974,-78.49345,38.06415,-1
2208275,5586623,3,3,491400,900,30130,-78.48291,38.03772,-1
2208275,5586623,5,1,492600,5400,122475,-78.48799899,38.04555983,-1
2208275,5586623,7,1,499500,33300,122475,-78.48799899,38.04555983,-1
2208275,5586623,8,1,532800,20700,122475,-78.48799899,38.04555983,-1
2208275,5586623,10,7,555000,5700,62877,-78.47696,38.02539,-1
2208275,5586623,12,1,561600,27900,122475,-78.48799899,38.04555983,-1
2208275,5586623,14,4,591300,13500,94144,-78.48789,38.06238,-1